title,author,likeNum
no title,よし男,4768
死神的父子,ケースワベ【K-SUWABE】,5023
不经意间放松下来，博多方言就出来了,トマナツ,9159
Sparkle Days,抠肉肚脐@Kuroduki,5671
青,和武はざの,8690
神里绫华,中午茶会,1.1w
欧贝隆,lack,1.4w
米饭,スコッティ,6216
无题,我方方块,6455
鲸鱼汽水,チャイ,5119
近视的姐姐,92M,5871
寻找星星,ポテトルス,7606
巡礼的钟,ポテトルス,6307
紧紧地,яυтυ　るーつ,6455
樱花艾米莉,Ririko,5962
钻石,スコッティ,6246
超级蠕变,はりもじ,4486
不知火火炬2周年纪念,lack,6527
蝴蝶,EB十,1.0w
结，结,和武はざの,1.3w
厚涂肖像,画画的长生,207
原神,四夕哈嘿嘿嘿,623
nkysb,77gl,4148
因为我,ポテトルス,6772
宵宮,momoku,5619
杀手女王,ケースワベ【K-SUWABE】,4228
双涡轮,ケースワベ【K-SUWABE】,6914
每当坐电扇乘凉的时候,紅シャケ＠お仕事募集中,5399
涡轮,スコッティ,7608
丽,千夜QYS3,1.2w
【原神Ead】富婆凝光的寂寞谁能懂,Ead黎昕,116
拉比,戈林不鸽,194
雷神,蓝胖子,109
1,画画的布丁SAMA,244
Kamisato Ayaka,XTER,4689
樱花树,あんべよしろう@y_ambe,5419
妖精骑士,motto@お仕事募集中,6968
救世主,ポテトルス,8467
 ,Noyu,4425
金矿双叶,Ririko,9754
立绘,碎蜂,668
特米米,风与天空丶,361
神里绫华,QuAn_,154
02,鱼耳七,298
极彩色,画师JW,547
Citrus Girl!,姐川,4554
咒言师的后裔,KA1,1.7w
Red,GongHa,5217
近视的姐姐,92M,5534
Mai Waifu！,紫月瑠璃,5508
神里,丸子团子max,139
泥岩！,yuetsu,791
无题,PANGBAI,661
 ,花ヶ田 / hanagata,1.1w
恶魔之女,Ead黎昕,530
女版哪吒,Ead黎昕,526
我的热情似这天空愈演愈烈,画师JW,723
泥岩,风与天空丶,235
原谅我吧，原谅我吧，原谅我吧,ポテトルス,7180
催促吃饭的阿格尼斯连珠炮,FED,4579
伊什塔尔,风凌寒,805
蒂法,风凌寒,465
拉米亚,玖菜和子,532
霜,万老板 - wboss,224
也许你会喜欢我,館田ダン,5152
浊心斯卡蒂,QuAn_,102
兔女郎,荳本豆,266
雷电将军,竹娘SuSu,212
可爱云缨😋六尺之内我是无敌的！,ZHUTOU3,165
光,喵老师YourLove,255
鸳鸯之夏,ヒコ,5496
無題,うみぼうず,6734
sheriruth,Saclia眠川利,4144
神里绫华！！,米豆纳汤,523
“想和你在一起……”,月うさぎ,4183
“你在那里做什么…？你想被踩吗？”,水咲　あめ,7029
您点的是成人可可吗？56,KS,6289
Fresh,rurudo,3.3w
军娘,Caiya口嘻,378
唐可可可（知道表）表情集, きたはらともえ。,5566
与引导乌鸦的约定,ヒコ,6707
黑暗在一寸之前,ヒコ,2.5w
+,イルレ,7337
原神-可莉,K.en,339
角色概念设计：227号-天祈,丧芝,107
角色概念设计：225号-哈克,丧芝,120
能代,Cxxxl,225
忘羡,RONPU,4198
废墟图书馆头像,虹彩,114
害羞,じや,6852
会话的圆缺,佐藤おどり,1.4w
打开，打开,佐藤おどり,1.1w
暴风雨天气的管弦乐团,佐藤おどり,2.9w
金曜の修羅場　＃2,Armadillo　支援更新中,4501
葉月,mocha＠画集第2弾発売決定,5835
凯尔希,缥缈而去,539
『猫が4匹』,あかもく,4721
抱枕-莫娜,苏予九u,154
异世相遇，尽享美味,夕雾さん,558
单向大厅,佐藤おどり,8608
序列,佐藤おどり,1.7w
晴朗的道路,Ryo Tagami,1.9w
吉尼亚斯,佐藤おどり,5946
无想的一刀,不吃鱼的王猫猫,123
我愚蠢的,ヒコ,1.8w
红叶树,ヒコ,5250
色是幽香度,ヒコ,2.3w
ころね,イコモチ,5588
泳装小羊！,yuetsu,397
花开少女的安格尼特朗,やんよ,5063
兔子禁止入内,桐野,6954
我和阿格尼斯塔昂一起去温泉旅行了无字符）,やんよ,4983
小林和玛奇,スカイ,4571
瓦拉雷尔·帕尔德,佐藤おどり,5654
漂白,佐藤おどり,5015
梦中的婚礼,万老板 - wboss,149
白露,万老板 - wboss,187
妹妹吉他第九课,hotumoyi,8987
运动的汗水！,青,4847
绕道,遠坂あさぎ,1.1w
.,siki,2.8w
Sky,rurudo,1.7w
自拍小春,うなっち＠めくレン5委託中,4336
白夜城,SWAV,7185
烙上,佐藤おどり,5617
游泳池,佐藤おどり,1.9w
闇際,Ryo Tagami,7201
芭芭拉冲,么赖赖,5474
摩根,SEON,6469
白雪姬,マコミック,8607
“你也是来偷懒的吗？”,ただのゆきこ,5767
妖精骑士,SEON,4546
夏,TOKKYU,4832
Bass樋口,ぐれーともす,4976
Just Monika,Hong,5343
发售了画集,望月けい,1.7w
S2,イルレ,6728
你的小夜曲,佐藤おどり,2.5w
薛定谔女孩,佐藤おどり,7880
■,KFR,4721
LOL,PSD,1.3w
八雲紫,PSD,6251
埃尔尔亚,Xin&obiwan,5493
.,siki,9203
私稿,yellow chicks,321
米粉双料,SG,1.2w
狗年大吉,嗒喵帝,5465
夜莺,佐藤おどり,6009
nnnnnighttttt,佐藤おどり,7847
【幻想 -illusion-】sample,PSD,8236
无题,Eternity,4571
響子,PSD,9481
“噗、噗……！”国王游戏篇》,徳之ゆいか/単行本9月2日発売,5939
“下次去哪里？”,HIROKAZU,4513
鬼灭之刃-蝴蝶忍,K.en,416
龙角人抱枕单勿用,内核熔融,141
卡伦,J_Young,6263
“夏日时间的火花”,TAYA,5473
Jeanne d'Arc,nath,6557
进攻的脑洞,PSD,1.6w
Future,PSD,2.1w
落,SQKB,4693
新春,PSD,9144
早上好，前辈~,expulse,5501
冬天和咖啡,藤原,5.2w
李信（娘化版）,Anift,50
宵宫,本森凯伊,67
双叶沙罗,しらたま❄,4753
精灵,すずなし,5299
‌,ｓｎ,2.4w
云缨 同人,siao柒,62
原神,ファジョボレ,5981
【推特】放学后拉面！,清成＠「推しケモ」連載中！,5226
【推特】烤肉！！！,清成＠「推しケモ」連載中！,1.4w
火焰大作战,ろみお,4983
~ ~,NIAN,4368
雨过天晴,藤原,1.7w
MY HERO ACADEMIA,閒雲野鶴,9311
复活节的哈兹拉布寄宿生,たまきび,5666
金鱼儿,たまきび,2.0w
樱花,ぽむ,4505
花子,eno,4796
和银色的你一起的早晨,色谷あすか,4493
Homulilly,PSD,1.1w
無題,PSD,1.5w
女士尖晶石,torino,1.1w
ありふれたせかいせいふく,PSD,1.1w
草丛,PSD,4924
蓝毒,琴乙Chinyi,140
HEISEI3+1,NEKO♨ RE.TH,8901
夜莺,hex_D,5997
摩托车,望月けい,5280
压缩森林拟人化总结,スドウショウ,4655
云缨,Anift,68
萤【抱枕】,苏予九u,209
简单的,碎蜂,97
幼女（大叔）,双月える,5755
女子組,PSD,5214
○,KFR,6600
碰头,遠坂あさぎ,9675
蚯蚓,またのんき▼,5245
霄宫,萝卜头村村长,34
自设特供,苏予九u,72
特立斯坦酱,EB十,8534
绝对不能说是看了Akira的配信才开始的,めぃん,5047
小月来了！,めぃん,2.6w
同人抱枕,TOLILI,140
玛修,ksami,208
沖田組,NOPPO@ジャンルビッチ,5422
白,LJH-,74
八重樱,鬼谷清鸣,1.1w
素足,天三月,4422
好极了！,餅米。,4915
red riding hood,domi,4871
無題,夜町,4551
哈罗弗罗,abuku,4942
無題,日向あずり,7366
-,超凶の狄璐卡,5223
神里凌华,坂田银荡,6536
夜兔的血在骚动,NOPPO@ジャンルビッチ,1.3w
早晨有红脸，晚上有白骨,NOPPO@ジャンルビッチ,1.6w
Liberate Te Ex Inferis.,NOPPO@ジャンルビッチ,8543
生日快乐,アサコ,4825
【推特】托盘,蓮深ふみ,4277
数据流,むちまろ,5284
【星座】凯特,蓮深ふみ,8275
初音ミク交响曲2021,Rella,7815
佛,Acong,96
梅吉罗麦奎因,イコモチ,4588
春,霍柯行,218
夏,霍柯行,190
秋,霍柯行,179
午后小憩,Saika2017,9995
女仆风琴,もるか,5524
Happy birthday,藤原,2.4w
「…！」的瞬间,W18,7252
天气变热了呢,沙マコ/shamakho,4243
推特原神总结,きのこ姫,6393
原神 Genshin Impact 优菈,楪,337
丘比奶酪,うかんむりβ,1.5w
Keqing : Driving Thunder,TAYA,5919
1st anniversary！！,NOPPO@ジャンルビッチ,4271
合罪,NOPPO@ジャンルビッチ,5670
鶴,NOPPO@ジャンルビッチ,5477
UNDEAD,NOPPO@ジャンルビッチ,1.1w
春之教室,遠坂あさぎ,3.2w
大渓谷,藤原,5254
羽川翼,ninnzinn（にんじん）,6673
夏夜,siao柒,570
夕凪,mocha＠画集第2弾発売決定,6747
冬,霍柯行,221
高雄,RodriGuez,69
可畏,RodriGuez,65
头像,风吹草低见牛羊,55
像在战场上飞舞的鹤一样,NOPPO@ジャンルビッチ,1.4w
骸：信女,NOPPO@ジャンルビッチ,5590
日志,サメ助,7770
红魔馆的主人,Uni,1.3w
幼女戦記,Uni,1.2w
２B,Uni,4024
成长小哀2,m8,4344
上课态度不好的孩子,susu,5419
柴郡,RodriGuez,127
柴郡,RodriGuez,349
竭尽全力装作人的样子,NOPPO@ジャンルビッチ,9261
八重樱,坂田银荡,6008
刻晴,苏予九u,130
活动稿子~,siao柒,546
PAPERCUT 2.0,Miv4t,2.3w
先輩ギャル,ルッチーフ,4284
Conductor.,Novelance,8331
無題,ㅤ,5702
刻晴男友第一视角,Yokami,310
请表姐给我掏耳朵,五十嵐恭平,6586
山城,RodriGuez,91
爱丁堡,RodriGuez,90
Watson Amelia,みすみ,4155
2B,YD,6069
优菈,秋音梦神君,156
只有现在是天使,torino,5721
陪  喝  椰  奶,Anift,96
矢波温泉乡,館田ダン,4505
米饭淋浴,Nardack,2.6w
無題,Sak,6142
比赛输了之后也想用甜点来安慰你,torino,7572
稻草人,i,4481
古美门家族,i,4057
七代目漩涡鸣人清爽帅气头像壁纸,i,4.7w
暖洋洋,i,1.5w
.,siki,1.2w
饼干,ICECAKE,5102
鼓舞人心的黄豆,40原,6184
辛波里尔道夫,Nardack,7079
無題,ninnzinn（にんじん）,8164
仙与桃,i,5757
黑仙人,i,6389
仙与桃,i,4331
年轻的老师2,i,9018
恋之雨☔️,TwinBox,1.6w
Rosmontis,やつは,6718
魔法音,戳儿,5772
萤草,戳儿,8406
甘雨(原神),猫打,6169
Kyaa,PrincessHinghoi,4705
东京塔,i,7910
仙和粉红,i,4235
橘子,i,9364
熏柴,i,6227
全部鸣人,i,1.3w
总有一天也想告诉你,i,6068
冬季漫展-1,i,4979
仙人,i,7134
和秋色的你,torino,6740
探偵,TOKKYU,4516
庄园女子,ｋ’eyra,4586
無題,i,1.0w
無題,i,1.7w
赏花,i,8897
【腐向】滑头仙人,i,4521
和妹妹们一起夏令营,ミルクセーキ,4648
10/10,i,6799
年龄差萌,i,6722
肉毒杆菌,i,4742
化石拟人·君昌豫鸟,siao柒,182
冬,瑞,1.3w
咒回摸鱼,eteru,7339
阿惠,油库狸,1.1w
模式红☆,瑞,5576
纳米耐日志4,i,4809
可可,i,6023
年轻的老师,i,6422
映画記念,i,1.4w
雨落知春,MAOH,4641
真知子受欢迎,i,5893
啊,ん,4195
織田,屋,4396
巴哈姆特,ん,6618
真是对不起。,もねこ,5673
从东京塔,i,4245
師弟,i,1.3w
只给你看,i,1.2w
不放弃的你,i,7470
四代目与漩涡玖辛奈,i,1.1w
波风水门与妻子漩涡玖辛奈美丽的插画,i,9615
“给我色彩的人”,TOH.,9219
corrupting heart,Leria_V,4347
金鱼2021,Nardack,8358
利克：伊尔米和希索卡,ツ君,4407
在这个世界上,SWAV,6249
冬瓜风味,カジノCasino,5791
无题,banssee,4780
辣得吐舌头,K.K.,7245
恭喜卡卡西老师！,i,2.1w
尾獣仙人,i,4328
p i n k,KL,5832
MERRY CHRIST松！2015,KL,6782
我会保护艾伦的,KL,1.2w
home,KL,5098
在香草咖啡店,cccpo,5689
Relic,ウラシマ/お仕事募集中,4503
在海边见面吧,Anmi,3.5w
等一下，至少要一个一个地，等着,もねこ,4223
蒂蒂的新衣,K.K.,5702
朝日电视台＆威廉,ショー,5291
声之形~A Silent Voice ~,KL,9325
不相似的双胞胎,みすみ,6286
tea time,KL,4091
“再见！”,KL,8978
用画册画,望月けい,8537
♥,屋,4619
灵梦及其他,ん,2.4w
笨拙又可爱的我的弟弟,もねこ,4187
＼羁绊之眼！／,PomU,5509
拉米迪,リン☆ユウ＠新刊通販委託中,1.3w
sisters,KL,4300
never die,KL,4004
田岛啊啊啊啊啊啊,KL,5631
“哦，哦，哦，哦…！”,KL,8194
【NO.6】KARAN bakery,KL,1.3w
CHI☆BAO☆LE☆MA,KL,4562
花見,まふゆ,6414
“我们要向世界变革”,TOH.,5793
無題,ん,5135
DeathFlame,ん,5156
多汗！喵！阿松！,KL,8661
TSURITAMA！,KL,4019
页脚,KL,4177
MOE MOE KYUN MY ASS,KL,6660
Little Busters EX,KL,4908
“喂，你还在睡觉吗？”,KL,1.2w
图片：红莲,モ誰,4091
出租女友×松野【10话梗】,KL,1.2w
市井,Silver,4707
想移动一下,朝凪,5552
嘘！,KL,5137
.,siki,1.7w
【NO.6】Goodnight Kiss,KL,9475
… … …！,KL,4269
大佐?,KL,4396
"I kill you, You kill me",KL,5480
才……才,KL,8825
STAKES+BATTLER,KL,4932
polkadot,KL,8078
利威尔幼儿园,KL,3.2w
抱枕情报,KL,4052
wingless,KL,4726
朝日,KL,5075
3-9,KL,5360
和舞妓一模一样,KL,5123
遗嘱,KL,7591
说吧,KL,5269
園崎姉妹,KL,1.0w
ATTACK ON PILLOW!,KL,4.5w
给、给我,KL,4971
Labyrinth of Gold,KL,2.0w
Lady's Preparation,KL,1.6w
打起精神来我就在你身边,KL,4762
【FGO】花·阳光【概念礼服】,森倉円,7136
☆我们的AU！☆,KL,1.2w
点亮照亮明日的灯火,KL,4038
马尾辫,KL,5870
om nom nom nom,KL,2.8w
Happy New Years 2010!,KL,9015
早安吻,KL,7096
【 ♡ 】,KL,1.7w
B★RS动画化,KL,5862
☆,KL,1.0w
冷却数据,KL,6514
♥密克炭♥,KL,6807
暗藏,SEON,5432
b r a t j a,KL,5505
ぎゅ！？,KL,1.3w
不要哭,KL,9525
3,KL,1.1w
婴儿蜂王,KL,6058
木讷,KL,8280
我的玫瑰,KL,4024
Lunch★Time,KL,6126
你给我的东西~,KL,3.1w
钢之俱乐部,KL,5146
p u e l l a ♦ m a g i,KL,3.2w
ROCKIN' GIRLS,KL,4887
Let's DAZE！,KL,1.1w
“……请不要放开我……！”,KL,6049
浊心,Leria_V,6212
rkgk,浅葱餅▽,6010
水帘巫女,藤原,1.7w
Fish,原子Dan,1.4w
啃老族国家的阿松,KL,6834
超时空要塞F,KL,4142
P4,KL,5134
WORLD'S END WALTZ,KL,4672
『Ib』薔薇,KL,2.7w
s o v i e + r i o,KL,1.6w
泳装saber,Verone,7527
贞德,Verone,6275
在冬天闪耀,らくちー,1.4w
少女革命乌提纳,らくちー,6245
没关系。老鼠是……啊，嗯…我来保护你,KL,7181
花,KL,7319
PAOPU,KL,5967
啊，你好,KL,6969
水狗,KL,5965
苦夏,森倉円,8514
整了个黑白的,夕木,67
青梅竹马,らむち@帰宅,5774
無題,うみぼうず,5674
【NO.6】涂鸦,KL,7811
涂鸦爱德,KL,4540
...........,KL,4603
我爱你,KL,9120
"don't cry, smile!",KL,1.1w
VIVIVI文件+图片,KL,4063
海边,SKY兔-,644
妖刀姬,SKY兔-,509
魅魔,SKY兔-,403
原神精选烟绯法考,画师精选,48
哈哈！,きばとり,4242
女儿,きばとり,5380
“约会，请多关照。”,バラ,5031
明日香,Piukute062,5201
＜●＞＜●＞,KL,2.3w
please marry me!,KL,5179
卡伦,我美蘭☆FGOAC概念礼装,5510
原神,qh七海z,50
春名残,荻pote＠初画集2/17発売,1.7w
黑兔子与白兔子,riinougat,670
舍弃王位吧,夕城,8216
無題,よむ,1.3w
“虽然是实习这么短的时间，但是承蒙您的关照了。”,よむ,1.4w
 ,hakusai,5528
来吧～,浅葱餅▽,7096
MOON&MOON,Nardack,5967
公主连结一周年,山桂贰,6871
樱花飞舞,にもし ,5561
花与水槽,コーラ,1.4w
桃金娘,yuetsu,694
像魔王一样,InfernoD,176
要么不露，要么露多点……那就多点,小怪兽攻打地球,38
黑丝,TOMGLIN_,19
勿私用哦,猜猜,123
机关灯,Verone,7013
saber,Verone,5251
鬼灭之刃LOG5,lobos,4238
Deemo,DOM,6940
在魔女集会上见面吧（总结）,楠ハルイ,4223
格调画log,酢飯 ,5187
卡卡西和五条悟的梦幻联动,阕夕海,237
languid,MINMINKAI,82
七七死库水,涵韩han,273
明日方舟 浊心斯卡蒂,艾院森館,27
胡桃,月云峰,453
柔弱少女的心情…,勝の,6468
把手,March_AB,4334
阿尔托里亚（Archer）,boa,4534
原神,浅羽佑希,169
ﾃｲﾏｸ,織日ちひろ,4084
罗莎莉亚,北巢火蛾,620
甘雨,原子Dan,2.4w
安娜塔斯西亚（偶像ver.）挂毯预约受理中！,我美蘭☆FGOAC概念礼装,7057
浊心斯卡蒂,须回,79
芍药,SKY兔-,450
哈马组的午睡,あむ（スルメ）,5730
我能像你那样战斗吗,コマリマユ,9385
贺礼。第三季！,浅妃@,6113
芽衣,死打天王,228
刀剑学,宥,9491
※腐化※义炭日志,さかもとびん,9279
莫娜,天地无用,933
黑齐胸,しめじなめこ,4189
原神 同人,不吃鱼的王猫猫,442
Rest,原子Dan,2.6w
ahoOOOOY!!,スコッティ,4267
阿贞德,ファジョボレ,1.3w
Lemon tart,ファジョボレ,5033
 ,米間,7930
教师日志,ウエハラ蜂,5308
YOI雑誌特集記事,ただのゆきこ,6522
刀剣log,のえる,5423
twst日志,天日昇,6257
mercedes,ムアン,1.1w
黒siki波,ﾌﾞﾚｴﾄﾞ,4839
练习,flowerchen,75
梅吉罗麦奎因,ピロ水,8458
解禁,汉堡包Hbb_5412,5928
丽塔,死打天王,58
apex摸摸摸,XuHh,150
刻晴,死打天王,822
练习摸鱼,YL10,632
men's fashion,なるせ,9873
城市卡总结4,べいぜ,5638
绫波丽,lack,9445
你走过的两年！！,りほ,4330
武士,ましゅー,5204
★,KFR,4855
伊之子♀,一,4059
9S,モピヲ,7786
雷的呼吸漆之型,にそ,2.3w
／竹轮彩礼中☆＼,賞味期限,8944
風花祭双子,雨壱絵穹◆単行本6巻発売中！,4497
“累了吧。你能喘口气吗？”,konomi★きのこのみ,5904
拿回！我们的足球！！,りほ,4192
市井,Silver,1.2w
超级☆下次☆元足球,みなす,4338
万圣节小圆,とも,4056
大家一起去吧夏日祭！,りほ,5122
四月的画,Anmi,2.7w
夕桜,ajimita,4584
因为是第一次，所以很紧张,TwinBox,7287
秘密野餐,浅妃@,5096
小奇诺,浅妃@,5034
外出装束,スコッティ,4420
咕嘟咕嘟,愛須冷蔵,5590
“赢了……！”,館田ダン,1.1w
“旅行者，下班后要陪我喝一杯吗？”,麻麻瓜瓜的柯桑,154
『FRAME』,lack,6189
納車✌️ ,海凪コウ【KOH】,4743
挑战木薯淀粉,しろまんた,6632
玛格丽特,みすみ,1.1w
天守之子,館田ダン,8996
桜,weri,5891
仙鹤先生,DOM,9818
Ib,DOM,1.1w
遅刻！,SuperPig,5248
风华节,Slyvia,7654
監獄兎,スコッティ,4907
七海,EGA,4832
甘雨,hews,1.3w
帕洛医生,ぽすこーん,4232
原神甘雨,flowerchen,163
碧蓝航线-圣路易斯,K.en,489
獄卒奇譚,DOM,6865
VntBrbr,Raijuu,4792
阿雅那米雷,イコモチ,6230
1564,旧都なぎ,7102
原神,Silence Girl,5741
是的,トモゼロ@お仕事募集中,4470
Nyaaaaa!!!,甘城なつき,8655
保护,みなす,7074
好像很香的样子,みなす,6115
RO635,Free Style,4991
莫娜,苏予九u,534
公主小夜曲,福娃,4902
米饭淋浴,朱シオ,4817
又甘又刻，心甘晴愿。,麻麻瓜瓜的柯桑,227
爷和女仆的夏日,苏予九u,507
無題,よむ,7763
秘密演唱会,mocha＠画集第2弾発売決定,8251
艾莉亚的孩子,りほ,4980
汇编,小暮,4281
赤城先生,餡掛てけ,7490
旋转,花鳴 郁,4396
胡桃～,升天,115
MAGLAM LORD,lack,4686
白瑛先生,いづみみなみ,4195
BW5周年,DOM,5264
莫娜,QuAn_,6338
安全教育,DOM,6696
无题,P站诸多画师,400
小萤,宮瀬まひろ,7568
鬼殺,妃町,4110
初音生日2019,松うに,4089
柱,妃町,4710
自由图标汇总,さかなミトン,5093
告别夏天,純頃 / jungoro,5323
呼吸的勇者,68,4130
在玉藻前,いづみみなみ,6609
戴瓦围巾,猫しょこ,5545
刀剣ＬＯＧ,DOM,1.4w
放河灯,DOM,7956
朱达酱,天日昇,4644
极限长谷部和大的孩子,天日昇,4128
这样啊，这样啊,天日昇,5992
zumi合集分享画师资源pixiv,啊包,51
約束,妃町,7739
诺尔（原神）,升天,4944
睡魔,mono,5616
阿尔蒂娜,Ririko,4371
ORAS！,68,4012
黑色雷米利亚和黑色法郎,小林由高6/27MBFes東1,6678
三玖,战争子,4600
五月,战争子,7892
哭泣的赤鬼,小唄@お仕事募集中,4917
Overlord-雅儿贝德,K.en,346
monaim合集分享插画画师pixiv,啊包,42
Beast Villains,糸音,5894
黑暗堕落吧马戏团,糸音,1.2w
加贺先生,餡掛てけ,5444
线稿,桃酒。,179
爱尔基多汇总①,mono,5431
futao,litsvn,2.0w
奇蛋物语,白米棠,29
虹龍洞霊夢,油库狸,4497
胡桃,QuAn_,1.3w
海贼王-女帝-汉库克,K.en,686
alexanderdinh合集分享插画画师pixiv,啊包,29
柳钢蛋合集分享插画画师pixiv,啊包,44
sakimichan合集分享插画画师pixiv,啊包,116
好好干吧，29岁,syo5,5200
飞向天空,syo5,1.2w
花,weri,7595
你是自由的,河CY,4549
治愈的幽灵和夏天,ajimita,5068
胡桃,はるさめ,6426
刻晴,無声灯_tate,146
龙珠-人造人21号,K.en,190
守望先锋-天使,K.en,123
lexaiduer合集分享插画画师pixiv,啊包,32
灶门兄妹和登陆兄妹,妃町,5674
和大古桑一起！,R,1.9w
❤,lack,1.8w
胡桃,フ二ィ,6953
小朋友和女仆,らむち@帰宅,4888
⚔,花ヶ田 / hanagata,7722
又甘又刻,汉堡包Hbb_5412,7393
交换私人服装,小唄@お仕事募集中,3.7w
像动画一样,小唄@お仕事募集中,5511
坐下,天日昇,8904
twst日志,天日昇,6129
原神,Silence Girl,6496
夹心面包,R,5285
胡桃,水染moon,5360
魔法少女小圆,Nardack,2.0w
窓際,みすみ,6935
疑心暗器,R,4833
D2,R,5741
涂鸦的红先生,R,4946
麻天狼,小唄@お仕事募集中,6709
Kamado Nezuko Demon Slayer,diegodraws,5876
✿,TENA/テナ,4916
胡桃,黄槐决明,171
胡桃,烨尘-L,61
猫和太阳,ももこ@5/30画集,2.2w
拟人化标准,R,7910
继续走下去,R,1.2w
丝绸之路,スコッティ,5006
石灰浆,Siino,4730
春,A_maru,4649
诺艾尔,QuAn_,4296
KILL'A,とうげ(touge369),1.2w
关于我转生成史莱姆这件事,焦亚岚,26
宝石树之森,藤原,2.2w
冥灯龙,ZUOinside,157
晴雨,ゆりりん,7333
VS.GREEEN,R,4873
线头护士,Chowbie,4088
小玲,あるてら,5900
Honey,原子Dan,6462
想和你一起闪耀,R,1.3w
＜浪费浪费浪费浪费浪费！！！中提琴、中提琴＞,とうげ(touge369),7276
KILL'A,とうげ(touge369),8098
DIO大人是我！让我做你的部下吧！,とうげ(touge369),5750
听太郎,とうげ(touge369),1.0w
方舟之旅,藤原,1.4w
故乡,ajimita,6099
水闸,R,5299
叶。,しろまんた,7794
Snow,原子Dan,2.2w
我和你在家，养麻雀,翼つばさ,4273
摸鱼,Tape,190
在魔女集会上见面吧,羽々倉ごし,1.4w
大户爱,akinogomin,162
女仆,M1YU,7157
最強vs無敵,とうげ(touge369),4412
国王们的化身,とうげ(touge369),4320
Zumi画师合集分享,Zumi,146
“恭喜~！”,あるてら,7114
沙特阿拉伯,R,5926
合作伙伴,R,4921
Friends,MoryaPanima,4808
Merlin,MoryaPanima,7257
Birth of a new king.,MoryaPanima,6842
goodbye saber,MoryaPanima,6908
轻而易举地进行的下流行为,とうげ(touge369),4858
别偷懒！试试看谁来得快,とうげ(touge369),4425
原神同人组,苏予九u,532
少憩,ろるあ/Rolua,1.4w
甘雨,小丑鱼,31
女老师,おりょう,1.1w
在正式表演中很弱的千雪,林けゐ,4332
奈古卡玛,ReDrop,8412
图书馆的秘密,アイスワイン@icw,5221
抱枕,Detx,747
第92天，海军船长,Torriet-トリエット-,5723
Killer Queen,とうげ(touge369),5674
帕肖尼在对我说要更加闪耀。,とうげ(touge369),4197
黑骑士VS黑骑士,とうげ(touge369),7565
不倒翁,とうげ(touge369),4586
阿尔特里亚主播,hex_D,4064
× × ×,たむむら,1.2w
小牛,ねいび,4382
♥,遠坂あさぎ,2.4w
街头巧克力女仆2021（螃蟹,ReDrop,7057
我并没有邀请你出去玩,紀奈,4968
千雪小姐,紀奈,4596
宇崎月,丈(たけ),4420
红头发的白雪公主,ふゆ,4217
咚！！,とうげ(touge369),4235
银乍利乙,とうげ(touge369),6415
情人节快乐,SuperPig,4708
最后的老板,たむむら,7834
- - - - -,たむむら,8401
【第28天】夜场大作战/AMV,たむむら,4274
 ,suger,4113
夭梦 逆鳞,鬼刀wlop,7422
暗藏,suger,4426
Good Bye 2016!!,MoryaPanima,1.3w
Wish,MoryaPanima,6717
莫奈,涵韩han,178
rkgk,うさ叉吉,4073
大戸アイ,本森凯伊,197
daze,たむむら,6675
少年少女×目,たむむら,3.4w
Nyann daze!,たむむら,6641
少年少女×蛇,たむむら,2.7w
和你在一起的话,たむむら,7881
原神,Silence Girl,6218
days,たむむら,1.3w
｡o○｡o○｡o○,たむむら,5560
酒呑,DoReMi,5096
香里酱和,DoReMi,4124
明霄灯海,潘潘没有Hp,4849
無題,うさ叉吉,4894
一头,うさ叉吉,1.5w
肚子饿了,うさ叉吉,9031
“问题！义理巧克力本命巧克力是哪一种呢？”,西沢5㍉▼6月10日単行本発売,5451
“好寂寞啊”,たむむら,7732
headphone actor,たむむら,4135
少年少女,たむむら,4433
醜い生き物,ヤマコ,4239
半分嘘,天三月,4244
阳光【25分钟速写总结】,banishment,4139
推特,東雲ユウ@4月～お仕事募集中,7530
阿尔托里亚,DoReMi,4760
茨木&酒呑,DoReMi,7395
十傑爆豪,招き猫,5317
Happy Valentines Day,孟達,4192
◆Gothic◆,招き猫,2.3w
粉色,望月けい,1.6w
叔叔的后背/通知,マミタ,4268
小尼米,葵井ちづる ,1.5w
设计,3soil,21
【魈·海灯初上】,狸小兔,189
甘雨,AIRool,6595
沙滩派对,Detx,94
❀,招き猫,9046
archive,招き猫,8214
 Queen ,胡麻乃りお,4550
wlop 鬼刀,未知画师,145
像OL的妈妈,nあくた,6543
奇蛋物语 ｜ 向日葵,TIME2K,138
刚才肯定偷看了吧,Mr.Sdorica,5190
五条悟和卡卡西的梦幻联动～,阕夕海,24
鬼化炭治郎,niL,1.9w
oc抱枕,银兰雪,629
W,Tape,562
阿鲁社长,eno,4014
“……和大小姐两个人在干什么呢？”,館田ダン,5622
水色,RAN,5.9w
-,ttosom,8912
無題,うみぼうず,5847
Don't cry,老肥,407
新福音战士2020,リオ,6114
JJK log 1,1021,7399
95式 (QBZ-95),Ornim,4518
轟焦凍,東雲ユウ@4月～お仕事募集中,4140
富勒纳,アバンドン蘭花,5742
-,ttosom,1.5w
女仆卡玛,torino,1.0w
红细胞新年鸭,矢九鸭,155
天地劫幽城再临,罗德花园,4923
甘雨,ACCO,4926
赤蔷薇的主人们,えも,7622
無題,かがちさく,4810
其实想说更多,天三月,4094
-,ttosom,7881
魔女的房间,RAN,4.1w
無題,RAN,1.2w
Good good study，day day up !!!,屠_TUTU,5027
明君,かめ,4793
尼禄媳妇,白河子Shirakawako,7911
雷阵雨和小猫,白河子Shirakawako,5630
[活击最终话]那时，在战斗的背后…,桃山あおい,4034
年腋饭,Leria_V,4845
❖,明菜,4624
万圣绫波,中chu茶,580
抱佛脚★,KINOs,1.2w
大神,三郎　無断転載禁止,8349
成人式,やすゆき,4680
穿着制服的阿比和移动教室,徒歩,4493
【工作图】LEGION拯救姬,純白可憐,7780
Moonlight,原子Dan,2.1w
-,ttosom,8175
末星,RAN,7.0w
-,ttosom,8160
甘雨,無声灯_tate,247
甘雨,Seicoh,9906
新年摸鱼,天凉多喝防冻液,4390
脚,未知画师,228
浴衣安斯塔西亚,流。@お仕事募集,6924
数据整理,流。@お仕事募集,6707
卡卡西和五条悟的梦幻联动（同人漫画）,阕夕海,31
白色沙子的水精灵,U35(うみこ),6269
 ,日向あずり,4511
-,ttosom,8916
阿美,イコモチ,8000
無題,淅洵,5656
无题,淅洵,5010
無題,淅洵,7891
《献祭·彼岸花》,羅絲丁,18
加賀,rokota,4245
《魔女之旅》,阿喀琉斯（kood）,15
-,ttosom,8459
高雄,面条,136
社团的公主被感觉很轻浮的前辈给笼络了,そめちめ,4108
皇冠,唄,1.1w
埃及猫,G.River,4365
 ,花ヶ田 / hanagata,1.3w
争夺犬男的BB&梅特&唇膏,もりまりも,5258
:D,特日日世界第一可矮,207
先輩,イコモチ,8437
Milotic,もこ,5932
2021,LAM,2.1w
賀正2021,Atha（アサ）,5321
2021,美和野らぐ,4282
呪術神社,灸場メロ,6604
甘雨,momoku,4597
莫娜温泉,劉了了,123
.,GIN,5404
“お前が”,藤野コウ,6586
泳衣卡玛（冬天）,ReDrop,5611
新年到了,望月けい,1.1w
謹賀新年,望月けい,1.4w
小天使真的是天使,cuteg,1.1w
另一个天使。,cuteg,6787
黑存储器,唄,4564
甘雨,TEDDY,4629
冠军,三郎　無断転載禁止,4336
城市汇总,べいぜ,6444
即使在梦中也会想念你,鵜飼沙樹,4119
*,Matcha,7996
饭和菜！,cuteg,8005
空母棲鬼,pump,5785
円香,みれい＠FANBOX開始,5291
女妖,pump,4737
横滨收购伊号,べいぜ,9571
練習戦艦 霧島＆榛名,凪丘,8055
無題,凪丘,5515
纵向分离器,凪丘,4251
冷藏教室,cuteg,4215
☆,cuteg,4168
時計Ⅱ,原子Dan,1.4w
F,べいぜ,1.0w
Bep,べいぜ,6679
弐,べいぜ,6423
異国之恋人,KinoeBi,4939
圣夜法老,美和野らぐ,4599
我接触了天使！,cuteg,1.5w
锡兰,夏樱,4831
等待,べいぜ,4363
冬汤,べいぜ,5025
大淀,凪丘,4103
生日快乐,スコッティ,4423
奇诺酱。,ふぇありぃあい＠FANBOX,4898
❉,Matcha,6457
魔女莉可,Ririko,4680
森林音乐,雨,3.5w
离家出走的少年和流,雨,6745
你的名字是,雨,3.8w
黄昏的街道上，只有我们在,雨,4835
霧島,凪丘,4616
雾岛先生,凪丘,5057
阿尔奎德,Hong,4161
分配角色莉莉,Csyday,4618
花鸟,雨,8349
原神 甘雨,银兰雪,783
"Thank you, my twilight",べいぜ,4376
很遗憾，我是阿拉菲夫绅士！,ぐぱおん,9602
奇诺酱。,ふぇありぃあい＠FANBOX,4639
猫耳女仆,夏目寻汐,334
和你一起凝视，开始的景色,雨,4910
HAPPY NEW YEAR,赤倉,1.1w
春,雨,7052
我要,べいぜ,4996
二人是改二,べいぜ,4676
551,べいぜ,6440
红色的,雨,8157
＠,雨,8536
西服,雨,1.1w
小山风,わたのん@FANBOX開設,5043
巴黎拉面～山茶味〜,わたのん@FANBOX開設,4115
夏天和汗水,明菜,5608
猫和少女,雨,1.3w
伊琳娜,weri,7837
圣诞快乐,weri,6526
莫娜,未知画师,65
小一夜给大家2021,ぼに～,4951
侦探的分支,雨,3.1w
No_meaning,雨,1.2w
午睡之神,雨,6121
等着你,雨,4105
