title,link
è”¡æŸæŸæ¼”å”±ä¼šè¿è§„æ¼”å‡º,https://m.weibo.cn/search?containerid=100103type%3D1%26t%3D10%26q%3D%23%E8%94%A1%E6%9F%90%E6%9F%90%E6%BC%94%E5%94%B1%E4%BC%9A%E8%BF%9D%E8%A7%84%E6%BC%94%E5%87%BA%23&isnewpage=1&extparam=seat%3D1%26filter_type%3Drealtimehot%26dgr%3D0%26cate%3D0%26pos%3D0%26realpos%3D1%26flag%3D4%26c_type%3D31%26display_time%3D1638859203%26pre_seqid%3D163885920382007623102&luicode=10000011&lfid=106003type%3D25%26t%3D3%26disable_hot%3D1%26filter_type%3Drealtimehot
å·å¤§ä¸€ç”·ç”Ÿå¥³å•æ‰€å·æ‹è¢«å¼€é™¤å­¦ç±,https://m.weibo.cn/search?containerid=100103type%3D1%26t%3D10%26q%3D%23%E5%B7%9D%E5%A4%A7%E4%B8%80%E7%94%B7%E7%94%9F%E5%A5%B3%E5%8E%95%E6%89%80%E5%81%B7%E6%8B%8D%E8%A2%AB%E5%BC%80%E9%99%A4%E5%AD%A6%E7%B1%8D%23&isnewpage=1&extparam=seat%3D1%26filter_type%3Drealtimehot%26dgr%3D0%26cate%3D0%26pos%3D1%26realpos%3D2%26flag%3D2%26c_type%3D31%26display_time%3D1638859203%26pre_seqid%3D163885920382007623102&luicode=10000011&lfid=106003type%3D25%26t%3D3%26disable_hot%3D1%26filter_type%3Drealtimehot
å„åœ°è´¯å½»å…šçš„åä¹å±Šå…­ä¸­å…¨ä¼šç²¾ç¥çºªå®,https://m.weibo.cn/search?containerid=100103type%3D1%26t%3D10%26q%3D%23%E5%90%84%E5%9C%B0%E8%B4%AF%E5%BD%BB%E5%85%9A%E7%9A%84%E5%8D%81%E4%B9%9D%E5%B1%8A%E5%85%AD%E4%B8%AD%E5%85%A8%E4%BC%9A%E7%B2%BE%E7%A5%9E%E7%BA%AA%E5%AE%9E%23&isnewpage=1&extparam=seat%3D1%26filter_type%3Drealtimehot%26dgr%3D0%26cate%3D0%26pos%3D2%26realpos%3D3%26flag%3D0%26c_type%3D31%26display_time%3D1638859203%26pre_seqid%3D163885920382007623102&luicode=10000011&lfid=106003type%3D25%26t%3D3%26disable_hot%3D1%26filter_type%3Drealtimehot
å­™æµ·æ´‹å¸Œæœ›å­™å“ç•™åœ¨èº«è¾¹,https://m.weibo.cn/search?containerid=100103type%3D1%26t%3D10%26q%3D%23%E5%AD%99%E6%B5%B7%E6%B4%8B%E5%B8%8C%E6%9C%9B%E5%AD%99%E5%8D%93%E7%95%99%E5%9C%A8%E8%BA%AB%E8%BE%B9%23&isnewpage=1&extparam=seat%3D1%26filter_type%3Drealtimehot%26dgr%3D0%26cate%3D0%26pos%3D4%26realpos%3D4%26flag%3D1%26c_type%3D31%26display_time%3D1638859203%26pre_seqid%3D163885920382007623102&luicode=10000011&lfid=106003type%3D25%26t%3D3%26disable_hot%3D1%26filter_type%3Drealtimehot
æ·˜å®å´©äº†,https://m.weibo.cn/search?containerid=100103type%3D1%26t%3D10%26q%3D%E6%B7%98%E5%AE%9D%E5%B4%A9%E4%BA%86&isnewpage=1&extparam=seat%3D1%26filter_type%3Drealtimehot%26dgr%3D0%26cate%3D0%26pos%3D5%26realpos%3D5%26flag%3D2%26c_type%3D31%26display_time%3D1638859203%26pre_seqid%3D163885920382007623102&luicode=10000011&lfid=106003type%3D25%26t%3D3%26disable_hot%3D1%26filter_type%3Drealtimehot
å®æ³¢å‘ç°5ä¾‹é˜³æ€§,https://m.weibo.cn/search?containerid=100103type%3D1%26t%3D10%26q%3D%23%E5%AE%81%E6%B3%A2%E5%8F%91%E7%8E%B05%E4%BE%8B%E9%98%B3%E6%80%A7%23&isnewpage=1&extparam=seat%3D1%26filter_type%3Drealtimehot%26dgr%3D0%26cate%3D0%26pos%3D6%26realpos%3D6%26flag%3D0%26c_type%3D31%26display_time%3D1638859203%26pre_seqid%3D163885920382007623102&luicode=10000011&lfid=106003type%3D25%26t%3D3%26disable_hot%3D1%26filter_type%3Drealtimehot
å¼ ç»§ç§‘æ¯æ¬¡æ¯”èµ›éƒ½æ‰¾ç¦åŸçˆ±è¦é¥¼å¹²,https://m.weibo.cn/search?containerid=100103type%3D1%26t%3D10%26q%3D%23%E5%BC%A0%E7%BB%A7%E7%A7%91%E6%AF%8F%E6%AC%A1%E6%AF%94%E8%B5%9B%E9%83%BD%E6%89%BE%E7%A6%8F%E5%8E%9F%E7%88%B1%E8%A6%81%E9%A5%BC%E5%B9%B2%23&isnewpage=1&extparam=seat%3D1%26filter_type%3Drealtimehot%26dgr%3D0%26cate%3D0%26pos%3D7%26realpos%3D7%26flag%3D0%26c_type%3D31%26display_time%3D1638859203%26pre_seqid%3D163885920382007623102&luicode=10000011&lfid=106003type%3D25%26t%3D3%26disable_hot%3D1%26filter_type%3Drealtimehot
ä¸Šè™,https://m.weibo.cn/search?containerid=100103type%3D1%26t%3D10%26q%3D%E4%B8%8A%E8%99%9E&isnewpage=1&extparam=seat%3D1%26filter_type%3Drealtimehot%26dgr%3D0%26cate%3D0%26pos%3D8%26realpos%3D8%26flag%3D1%26c_type%3D31%26display_time%3D1638859203%26pre_seqid%3D163885920382007623102&luicode=10000011&lfid=106003type%3D25%26t%3D3%26disable_hot%3D1%26filter_type%3Drealtimehot
è¶…7æˆ90åä¸ç­‰é¢†å¯¼ä¸‹ç­å°±å…ˆèµ°,https://m.weibo.cn/search?containerid=100103type%3D1%26t%3D10%26q%3D%23%E8%B6%857%E6%88%9090%E5%90%8E%E4%B8%8D%E7%AD%89%E9%A2%86%E5%AF%BC%E4%B8%8B%E7%8F%AD%E5%B0%B1%E5%85%88%E8%B5%B0%23&isnewpage=1&extparam=seat%3D1%26filter_type%3Drealtimehot%26dgr%3D0%26cate%3D0%26pos%3D9%26realpos%3D9%26flag%3D0%26c_type%3D31%26display_time%3D1638859203%26pre_seqid%3D163885920382007623102&luicode=10000011&lfid=106003type%3D25%26t%3D3%26disable_hot%3D1%26filter_type%3Drealtimehot
å¼ è‹¥æ˜€æ¼”çš„å¾å‡¤å¹´æ˜¯çº¨ç»”å¤©èŠ±æ¿å§,https://m.weibo.cn/search?containerid=100103type%3D1%26t%3D10%26q%3D%23%E5%BC%A0%E8%8B%A5%E6%98%80%E6%BC%94%E7%9A%84%E5%BE%90%E5%87%A4%E5%B9%B4%E6%98%AF%E7%BA%A8%E7%BB%94%E5%A4%A9%E8%8A%B1%E6%9D%BF%E5%90%A7%23&isnewpage=1&extparam=seat%3D1%26filter_type%3Drealtimehot%26dgr%3D0%26cate%3D0%26pos%3D10%26realpos%3D10%26flag%3D256%26c_type%3D31%26display_time%3D1638859203%26pre_seqid%3D163885920382007623102&luicode=10000011&lfid=106003type%3D25%26t%3D3%26disable_hot%3D1%26filter_type%3Drealtimehot
é‡‘æ¯›çœ‹åˆ°ä¸»äººè¢«æƒŠå–œæ±‚å©šçš„åœºæ™¯,https://m.weibo.cn/search?containerid=100103type%3D1%26t%3D10%26q%3D%E9%87%91%E6%AF%9B%E7%9C%8B%E5%88%B0%E4%B8%BB%E4%BA%BA%E8%A2%AB%E6%83%8A%E5%96%9C%E6%B1%82%E5%A9%9A%E7%9A%84%E5%9C%BA%E6%99%AF&isnewpage=1&extparam=seat%3D1%26filter_type%3Drealtimehot%26dgr%3D0%26cate%3D0%26pos%3D11%26realpos%3D11%26flag%3D1%26c_type%3D31%26display_time%3D1638859203%26pre_seqid%3D163885920382007623102&luicode=10000011&lfid=106003type%3D25%26t%3D3%26disable_hot%3D1%26filter_type%3Drealtimehot
ä¿„ç½—æ–¯æ€»ç»Ÿæ™®äº¬è®¿é—®å°åº¦,https://m.weibo.cn/search?containerid=100103type%3D1%26t%3D10%26q%3D%E4%BF%84%E7%BD%97%E6%96%AF%E6%80%BB%E7%BB%9F%E6%99%AE%E4%BA%AC%E8%AE%BF%E9%97%AE%E5%8D%B0%E5%BA%A6&isnewpage=1&extparam=seat%3D1%26filter_type%3Drealtimehot%26dgr%3D0%26cate%3D0%26pos%3D12%26realpos%3D12%26flag%3D1%26c_type%3D31%26display_time%3D1638859203%26pre_seqid%3D163885920382007623102&luicode=10000011&lfid=106003type%3D25%26t%3D3%26disable_hot%3D1%26filter_type%3Drealtimehot
éº¦å½“åŠ³çŒ«çª,https://m.weibo.cn/search?containerid=100103type%3D1%26t%3D10%26q%3D%E9%BA%A6%E5%BD%93%E5%8A%B3%E7%8C%AB%E7%AA%9D&isnewpage=1&extparam=seat%3D1%26filter_type%3Drealtimehot%26dgr%3D0%26cate%3D0%26pos%3D13%26realpos%3D13%26flag%3D0%26c_type%3D31%26display_time%3D1638859203%26pre_seqid%3D163885920382007623102&luicode=10000011&lfid=106003type%3D25%26t%3D3%26disable_hot%3D1%26filter_type%3Drealtimehot
ç°å§‘å¨˜æ˜¯çœŸçš„æ¡ä¸äº†æ°´æ™¶é‹,https://m.weibo.cn/search?containerid=100103type%3D1%26t%3D10%26q%3D%23%E7%81%B0%E5%A7%91%E5%A8%98%E6%98%AF%E7%9C%9F%E7%9A%84%E6%8D%A1%E4%B8%8D%E4%BA%86%E6%B0%B4%E6%99%B6%E9%9E%8B%23&isnewpage=1&extparam=seat%3D1%26filter_type%3Drealtimehot%26dgr%3D0%26cate%3D0%26pos%3D14%26realpos%3D14%26flag%3D0%26c_type%3D31%26display_time%3D1638859203%26pre_seqid%3D163885920382007623102&luicode=10000011&lfid=106003type%3D25%26t%3D3%26disable_hot%3D1%26filter_type%3Drealtimehot
ä»Šæ—¥å¤§é›ª,https://m.weibo.cn/search?containerid=100103type%3D1%26t%3D10%26q%3D%E4%BB%8A%E6%97%A5%E5%A4%A7%E9%9B%AA&isnewpage=1&extparam=seat%3D1%26filter_type%3Drealtimehot%26dgr%3D0%26cate%3D0%26pos%3D15%26realpos%3D15%26flag%3D0%26c_type%3D31%26display_time%3D1638859203%26pre_seqid%3D163885920382007623102&luicode=10000011&lfid=106003type%3D25%26t%3D3%26disable_hot%3D1%26filter_type%3Drealtimehot
ç‹æºçŒ®å”±ç©¿è¿‡å¯’å†¬æ‹¥æŠ±ä½ ä¸»é¢˜æ›²,https://m.weibo.cn/search?containerid=100103type%3D1%26t%3D10%26q%3D%23%E7%8E%8B%E6%BA%90%E7%8C%AE%E5%94%B1%E7%A9%BF%E8%BF%87%E5%AF%92%E5%86%AC%E6%8B%A5%E6%8A%B1%E4%BD%A0%E4%B8%BB%E9%A2%98%E6%9B%B2%23&isnewpage=1&extparam=seat%3D1%26filter_type%3Drealtimehot%26dgr%3D0%26cate%3D0%26pos%3D16%26realpos%3D16%26flag%3D2560%26c_type%3D31%26display_time%3D1638859203%26pre_seqid%3D163885920382007623102&luicode=10000011&lfid=106003type%3D25%26t%3D3%26disable_hot%3D1%26filter_type%3Drealtimehot
éŸ©çº¢ æ¯›ç¬”å­—,https://m.weibo.cn/search?containerid=100103type%3D1%26t%3D10%26q%3D%E9%9F%A9%E7%BA%A2+%E6%AF%9B%E7%AC%94%E5%AD%97&isnewpage=1&extparam=seat%3D1%26filter_type%3Drealtimehot%26dgr%3D0%26cate%3D0%26pos%3D17%26realpos%3D17%26flag%3D0%26c_type%3D31%26display_time%3D1638859203%26pre_seqid%3D163885920382007623102&luicode=10000011&lfid=106003type%3D25%26t%3D3%26disable_hot%3D1%26filter_type%3Drealtimehot
è°æ˜¯å‡¶æ‰‹,https://m.weibo.cn/search?containerid=100103type%3D1%26t%3D10%26q%3D%E8%B0%81%E6%98%AF%E5%87%B6%E6%89%8B&isnewpage=1&extparam=seat%3D1%26filter_type%3Drealtimehot%26dgr%3D0%26cate%3D0%26pos%3D18%26realpos%3D18%26flag%3D256%26c_type%3D31%26display_time%3D1638859203%26pre_seqid%3D163885920382007623102&luicode=10000011&lfid=106003type%3D25%26t%3D3%26disable_hot%3D1%26filter_type%3Drealtimehot
æ¨æ´‹ä¸”è¯•å¤©ä¸‹é»‘è¡£å¤è£…é€ å‹è·¯é€,https://m.weibo.cn/search?containerid=100103type%3D1%26t%3D10%26q%3D%23%E6%9D%A8%E6%B4%8B%E4%B8%94%E8%AF%95%E5%A4%A9%E4%B8%8B%E9%BB%91%E8%A1%A3%E5%8F%A4%E8%A3%85%E9%80%A0%E5%9E%8B%E8%B7%AF%E9%80%8F%23&isnewpage=1&extparam=seat%3D1%26filter_type%3Drealtimehot%26dgr%3D0%26cate%3D0%26pos%3D19%26realpos%3D19%26flag%3D256%26c_type%3D31%26display_time%3D1638859203%26pre_seqid%3D163885920382007623102&luicode=10000011&lfid=106003type%3D25%26t%3D3%26disable_hot%3D1%26filter_type%3Drealtimehot
Cryinæˆè‡ªç”±äºº,https://m.weibo.cn/search?containerid=100103type%3D1%26t%3D10%26q%3D%23Cryin%E6%88%90%E8%87%AA%E7%94%B1%E4%BA%BA%23&isnewpage=1&extparam=seat%3D1%26filter_type%3Drealtimehot%26dgr%3D0%26cate%3D0%26pos%3D20%26realpos%3D20%26flag%3D1%26c_type%3D31%26display_time%3D1638859203%26pre_seqid%3D163885920382007623102&luicode=10000011&lfid=106003type%3D25%26t%3D3%26disable_hot%3D1%26filter_type%3Drealtimehot
å½“åœ°é€šæŠ¥å¼ºå¤ºè€äººç”˜è”—äº‹ä»¶,https://m.weibo.cn/search?containerid=100103type%3D1%26t%3D10%26q%3D%23%E5%BD%93%E5%9C%B0%E9%80%9A%E6%8A%A5%E5%BC%BA%E5%A4%BA%E8%80%81%E4%BA%BA%E7%94%98%E8%94%97%E4%BA%8B%E4%BB%B6%23&isnewpage=1&extparam=seat%3D1%26filter_type%3Drealtimehot%26dgr%3D0%26cate%3D0%26pos%3D21%26realpos%3D21%26flag%3D1%26c_type%3D31%26display_time%3D1638859203%26pre_seqid%3D163885920382007623102&luicode=10000011&lfid=106003type%3D25%26t%3D3%26disable_hot%3D1%26filter_type%3Drealtimehot
è¿™ä¸ªå¦¹å¦¹çœŸçš„å¥½åƒè‚Œè‚‰è¢‹é¼ ,https://m.weibo.cn/search?containerid=100103type%3D1%26t%3D10%26q%3D%E8%BF%99%E4%B8%AA%E5%A6%B9%E5%A6%B9%E7%9C%9F%E7%9A%84%E5%A5%BD%E5%83%8F%E8%82%8C%E8%82%89%E8%A2%8B%E9%BC%A0&isnewpage=1&extparam=seat%3D1%26filter_type%3Drealtimehot%26dgr%3D0%26cate%3D0%26pos%3D22%26realpos%3D22%26flag%3D1%26c_type%3D31%26display_time%3D1638859203%26pre_seqid%3D163885920382007623102&luicode=10000011&lfid=106003type%3D25%26t%3D3%26disable_hot%3D1%26filter_type%3Drealtimehot
å¯¹å–œæ¬¢çš„äººèƒ½æœ‰å•¥èµ·åºŠæ°”,https://m.weibo.cn/search?containerid=100103type%3D1%26t%3D10%26q%3D%E5%AF%B9%E5%96%9C%E6%AC%A2%E7%9A%84%E4%BA%BA%E8%83%BD%E6%9C%89%E5%95%A5%E8%B5%B7%E5%BA%8A%E6%B0%94&isnewpage=1&extparam=seat%3D1%26filter_type%3Drealtimehot%26dgr%3D0%26cate%3D0%26pos%3D23%26realpos%3D23%26flag%3D1%26c_type%3D31%26display_time%3D1638859203%26pre_seqid%3D163885920382007623102&luicode=10000011&lfid=106003type%3D25%26t%3D3%26disable_hot%3D1%26filter_type%3Drealtimehot
è«å°è´åƒæäº†è¯­æ–‡ä¸å¥½çš„æˆ‘,https://m.weibo.cn/search?containerid=100103type%3D1%26t%3D10%26q%3D%23%E8%8E%AB%E5%B0%8F%E8%B4%9D%E5%83%8F%E6%9E%81%E4%BA%86%E8%AF%AD%E6%96%87%E4%B8%8D%E5%A5%BD%E7%9A%84%E6%88%91%23&isnewpage=1&extparam=seat%3D1%26filter_type%3Drealtimehot%26dgr%3D0%26cate%3D0%26pos%3D24%26realpos%3D24%26flag%3D256%26c_type%3D31%26display_time%3D1638859203%26pre_seqid%3D163885920382007623102&luicode=10000011&lfid=106003type%3D25%26t%3D3%26disable_hot%3D1%26filter_type%3Drealtimehot
å­™æµ·æ´‹å¸¦å„¿å­ç™»ä¸Šå›ä¹¡åˆ—è½¦,https://m.weibo.cn/search?containerid=100103type%3D1%26t%3D10%26q%3D%23%E5%AD%99%E6%B5%B7%E6%B4%8B%E5%B8%A6%E5%84%BF%E5%AD%90%E7%99%BB%E4%B8%8A%E5%9B%9E%E4%B9%A1%E5%88%97%E8%BD%A6%23&isnewpage=1&extparam=seat%3D1%26filter_type%3Drealtimehot%26dgr%3D0%26cate%3D0%26pos%3D25%26realpos%3D25%26flag%3D0%26c_type%3D31%26display_time%3D1638859203%26pre_seqid%3D163885920382007623102&luicode=10000011&lfid=106003type%3D25%26t%3D3%26disable_hot%3D1%26filter_type%3Drealtimehot
å‡¹é™·è„¸æ€ä¹ˆå˜å¥½çœ‹,https://m.weibo.cn/search?containerid=100103type%3D1%26t%3D10%26q%3D%23%E5%87%B9%E9%99%B7%E8%84%B8%E6%80%8E%E4%B9%88%E5%8F%98%E5%A5%BD%E7%9C%8B%23&isnewpage=1&extparam=seat%3D1%26filter_type%3Drealtimehot%26dgr%3D0%26cate%3D0%26pos%3D26%26realpos%3D26%26flag%3D0%26c_type%3D31%26display_time%3D1638859203%26pre_seqid%3D163885920382007623102&luicode=10000011&lfid=106003type%3D25%26t%3D3%26disable_hot%3D1%26filter_type%3Drealtimehot
å¥³ç”Ÿçš„ç›¸å†Œæœ‰å¤šç¦»è°±,https://m.weibo.cn/search?containerid=100103type%3D1%26t%3D10%26q%3D%23%E5%A5%B3%E7%94%9F%E7%9A%84%E7%9B%B8%E5%86%8C%E6%9C%89%E5%A4%9A%E7%A6%BB%E8%B0%B1%23&isnewpage=1&extparam=seat%3D1%26filter_type%3Drealtimehot%26dgr%3D0%26cate%3D0%26pos%3D27%26realpos%3D27%26flag%3D0%26c_type%3D31%26display_time%3D1638859203%26pre_seqid%3D163885920382007623102&luicode=10000011&lfid=106003type%3D25%26t%3D3%26disable_hot%3D1%26filter_type%3Drealtimehot
æˆ‘è¦é€†é£å»é˜µå®¹å®˜å®£,https://m.weibo.cn/search?containerid=100103type%3D1%26t%3D10%26q%3D%23%E6%88%91%E8%A6%81%E9%80%86%E9%A3%8E%E5%8E%BB%E9%98%B5%E5%AE%B9%E5%AE%98%E5%AE%A3%23&isnewpage=1&extparam=seat%3D1%26filter_type%3Drealtimehot%26dgr%3D0%26cate%3D0%26pos%3D28%26realpos%3D28%26flag%3D256%26c_type%3D31%26display_time%3D1638859203%26pre_seqid%3D163885920382007623102&luicode=10000011&lfid=106003type%3D25%26t%3D3%26disable_hot%3D1%26filter_type%3Drealtimehot
è‚–æ¯…è¢«æœ€é«˜æ£€å†³å®šé€®æ•,https://m.weibo.cn/search?containerid=100103type%3D1%26t%3D10%26q%3D%23%E8%82%96%E6%AF%85%E8%A2%AB%E6%9C%80%E9%AB%98%E6%A3%80%E5%86%B3%E5%AE%9A%E9%80%AE%E6%8D%95%23&isnewpage=1&extparam=seat%3D1%26filter_type%3Drealtimehot%26dgr%3D0%26cate%3D0%26pos%3D29%26realpos%3D29%26flag%3D0%26c_type%3D31%26display_time%3D1638859203%26pre_seqid%3D163885920382007623102&luicode=10000011&lfid=106003type%3D25%26t%3D3%26disable_hot%3D1%26filter_type%3Drealtimehot
å®æ³¢ç–«æƒ…,https://m.weibo.cn/search?containerid=100103type%3D1%26t%3D10%26q%3D%E5%AE%81%E6%B3%A2%E7%96%AB%E6%83%85&isnewpage=1&extparam=seat%3D1%26filter_type%3Drealtimehot%26dgr%3D0%26cate%3D0%26pos%3D30%26realpos%3D30%26flag%3D0%26c_type%3D31%26display_time%3D1638859203%26pre_seqid%3D163885920382007623102&luicode=10000011&lfid=106003type%3D25%26t%3D3%26disable_hot%3D1%26filter_type%3Drealtimehot
ä¸­å›½å¤§å”åš5æ¯«ç±³èŠ±ç“¶æƒŠå‘†å¤–å›½ç½‘å‹,https://m.weibo.cn/search?containerid=100103type%3D1%26t%3D10%26q%3D%23%E4%B8%AD%E5%9B%BD%E5%A4%A7%E5%8F%94%E5%81%9A5%E6%AF%AB%E7%B1%B3%E8%8A%B1%E7%93%B6%E6%83%8A%E5%91%86%E5%A4%96%E5%9B%BD%E7%BD%91%E5%8F%8B%23&isnewpage=1&extparam=seat%3D1%26filter_type%3Drealtimehot%26dgr%3D0%26cate%3D0%26pos%3D31%26realpos%3D31%26flag%3D0%26c_type%3D31%26display_time%3D1638859203%26pre_seqid%3D163885920382007623102&luicode=10000011&lfid=106003type%3D25%26t%3D3%26disable_hot%3D1%26filter_type%3Drealtimehot
é’Ÿæ¥šæ›¦æˆ‘è¦é€†é£å»æ€¼è„¸æµ·æŠ¥,https://m.weibo.cn/search?containerid=100103type%3D1%26t%3D10%26q%3D%23%E9%92%9F%E6%A5%9A%E6%9B%A6%E6%88%91%E8%A6%81%E9%80%86%E9%A3%8E%E5%8E%BB%E6%80%BC%E8%84%B8%E6%B5%B7%E6%8A%A5%23&isnewpage=1&extparam=seat%3D1%26filter_type%3Drealtimehot%26dgr%3D0%26cate%3D0%26pos%3D32%26realpos%3D32%26flag%3D257%26c_type%3D31%26display_time%3D1638859203%26pre_seqid%3D163885920382007623102&luicode=10000011&lfid=106003type%3D25%26t%3D3%26disable_hot%3D1%26filter_type%3Drealtimehot
æ¡‚æ—ç–«æƒ…,https://m.weibo.cn/search?containerid=100103type%3D1%26t%3D10%26q%3D%E6%A1%82%E6%9E%97%E7%96%AB%E6%83%85&isnewpage=1&extparam=seat%3D1%26filter_type%3Drealtimehot%26dgr%3D0%26cate%3D0%26pos%3D33%26realpos%3D33%26flag%3D0%26c_type%3D31%26display_time%3D1638859203%26pre_seqid%3D163885920382007623102&luicode=10000011&lfid=106003type%3D25%26t%3D3%26disable_hot%3D1%26filter_type%3Drealtimehot
å¤§å¤´èœç‚’è‚‰,https://m.weibo.cn/search?containerid=100103type%3D1%26t%3D10%26q%3D%E5%A4%A7%E5%A4%B4%E8%8F%9C%E7%82%92%E8%82%89&isnewpage=1&extparam=seat%3D1%26filter_type%3Drealtimehot%26dgr%3D0%26cate%3D0%26pos%3D34%26realpos%3D34%26flag%3D1%26c_type%3D31%26display_time%3D1638859203%26pre_seqid%3D163885920382007623102&luicode=10000011&lfid=106003type%3D25%26t%3D3%26disable_hot%3D1%26filter_type%3Drealtimehot
TMEAå…¨é˜µå®¹å®˜å®£,https://m.weibo.cn/search?containerid=100103type%3D1%26t%3D10%26q%3D%23TMEA%E5%85%A8%E9%98%B5%E5%AE%B9%E5%AE%98%E5%AE%A3%23&isnewpage=1&extparam=seat%3D1%26filter_type%3Drealtimehot%26dgr%3D0%26cate%3D0%26pos%3D35%26realpos%3D35%26flag%3D0%26c_type%3D31%26display_time%3D1638859203%26pre_seqid%3D163885920382007623102&luicode=10000011&lfid=106003type%3D25%26t%3D3%26disable_hot%3D1%26filter_type%3Drealtimehot
çœ‹åˆ«äººç©è§£å‹ç©å…·æœ‰å¤šè§£å‹,https://m.weibo.cn/search?containerid=100103type%3D1%26t%3D10%26q%3D%23%E7%9C%8B%E5%88%AB%E4%BA%BA%E7%8E%A9%E8%A7%A3%E5%8E%8B%E7%8E%A9%E5%85%B7%E6%9C%89%E5%A4%9A%E8%A7%A3%E5%8E%8B%23&isnewpage=1&extparam=seat%3D1%26filter_type%3Drealtimehot%26dgr%3D0%26cate%3D0%26pos%3D36%26realpos%3D36%26flag%3D1%26c_type%3D31%26display_time%3D1638859203%26pre_seqid%3D163885920382007623102&luicode=10000011&lfid=106003type%3D25%26t%3D3%26disable_hot%3D1%26filter_type%3Drealtimehot
æ‰¹å‘èˆ¬çš„ä¸»æ¼”,https://m.weibo.cn/search?containerid=100103type%3D1%26t%3D10%26q%3D%E6%89%B9%E5%8F%91%E8%88%AC%E7%9A%84%E4%B8%BB%E6%BC%94&isnewpage=1&extparam=seat%3D1%26filter_type%3Drealtimehot%26dgr%3D0%26cate%3D0%26pos%3D37%26realpos%3D37%26flag%3D256%26c_type%3D31%26display_time%3D1638859203%26pre_seqid%3D163885920382007623102&luicode=10000011&lfid=106003type%3D25%26t%3D3%26disable_hot%3D1%26filter_type%3Drealtimehot
å¥³å­ç”¨å°åˆ€åˆ’ç ´ç™¾ä½™ä¸ªè‡ªè¡Œè½¦åå«,https://m.weibo.cn/search?containerid=100103type%3D1%26t%3D10%26q%3D%23%E5%A5%B3%E5%AD%90%E7%94%A8%E5%B0%8F%E5%88%80%E5%88%92%E7%A0%B4%E7%99%BE%E4%BD%99%E4%B8%AA%E8%87%AA%E8%A1%8C%E8%BD%A6%E5%9D%90%E5%9E%AB%23&isnewpage=1&extparam=seat%3D1%26filter_type%3Drealtimehot%26dgr%3D0%26cate%3D0%26pos%3D38%26realpos%3D38%26flag%3D0%26c_type%3D31%26display_time%3D1638859203%26pre_seqid%3D163885920382007623102&luicode=10000011&lfid=106003type%3D25%26t%3D3%26disable_hot%3D1%26filter_type%3Drealtimehot
å¥³å­è½¦ç¥¸è¢«å‰Šæ‰åŠè¾¹å¤´å¥‡è¿¹å­˜æ´»,https://m.weibo.cn/search?containerid=100103type%3D1%26t%3D10%26q%3D%23%E5%A5%B3%E5%AD%90%E8%BD%A6%E7%A5%B8%E8%A2%AB%E5%89%8A%E6%8E%89%E5%8D%8A%E8%BE%B9%E5%A4%B4%E5%A5%87%E8%BF%B9%E5%AD%98%E6%B4%BB%23&isnewpage=1&extparam=seat%3D1%26filter_type%3Drealtimehot%26dgr%3D0%26cate%3D0%26pos%3D39%26realpos%3D39%26flag%3D0%26c_type%3D31%26display_time%3D1638859203%26pre_seqid%3D163885920382007623102&luicode=10000011&lfid=106003type%3D25%26t%3D3%26disable_hot%3D1%26filter_type%3Drealtimehot
ä¸­å›½äººåº”è¯¥å¦‚ä½•çœ‹å¾…è‡ªåŠ¨é©¾é©¶,https://m.weibo.cn/search?containerid=100103type%3D1%26t%3D10%26q%3D%E4%B8%AD%E5%9B%BD%E4%BA%BA%E5%BA%94%E8%AF%A5%E5%A6%82%E4%BD%95%E7%9C%8B%E5%BE%85%E8%87%AA%E5%8A%A8%E9%A9%BE%E9%A9%B6&isnewpage=1&extparam=seat%3D1%26filter_type%3Drealtimehot%26dgr%3D0%26cate%3D0%26pos%3D40%26realpos%3D40%26flag%3D1%26c_type%3D31%26display_time%3D1638859203%26pre_seqid%3D163885920382007623102&luicode=10000011&lfid=106003type%3D25%26t%3D3%26disable_hot%3D1%26filter_type%3Drealtimehot
æ—¶å°šæ„Ÿçˆ†è¡¨çš„å°å…”å½,https://m.weibo.cn/search?containerid=100103type%3D1%26t%3D10%26q%3D%E6%97%B6%E5%B0%9A%E6%84%9F%E7%88%86%E8%A1%A8%E7%9A%84%E5%B0%8F%E5%85%94%E5%8F%BD&isnewpage=1&extparam=seat%3D1%26filter_type%3Drealtimehot%26dgr%3D0%26cate%3D0%26pos%3D41%26realpos%3D41%26flag%3D1%26c_type%3D31%26display_time%3D1638859203%26pre_seqid%3D163885920382007623102&luicode=10000011&lfid=106003type%3D25%26t%3D3%26disable_hot%3D1%26filter_type%3Drealtimehot
è¿™è‹¹æœæ€ä¹ˆåƒä¸åˆ°å•Š,https://m.weibo.cn/search?containerid=100103type%3D1%26t%3D10%26q%3D%E8%BF%99%E8%8B%B9%E6%9E%9C%E6%80%8E%E4%B9%88%E5%90%83%E4%B8%8D%E5%88%B0%E5%95%8A&isnewpage=1&extparam=seat%3D1%26filter_type%3Drealtimehot%26dgr%3D0%26cate%3D0%26pos%3D42%26realpos%3D42%26flag%3D1%26c_type%3D31%26display_time%3D1638859203%26pre_seqid%3D163885920382007623102&luicode=10000011&lfid=106003type%3D25%26t%3D3%26disable_hot%3D1%26filter_type%3Drealtimehot
å®‹èŒœæ˜¯äººé—´å°é™€èºå§,https://m.weibo.cn/search?containerid=100103type%3D1%26t%3D10%26q%3D%23%E5%AE%8B%E8%8C%9C%E6%98%AF%E4%BA%BA%E9%97%B4%E5%B0%8F%E9%99%80%E8%9E%BA%E5%90%A7%23&isnewpage=1&extparam=seat%3D1%26filter_type%3Drealtimehot%26dgr%3D0%26cate%3D0%26pos%3D43%26realpos%3D43%26flag%3D256%26c_type%3D31%26display_time%3D1638859203%26pre_seqid%3D163885920382007623102&luicode=10000011&lfid=106003type%3D25%26t%3D3%26disable_hot%3D1%26filter_type%3Drealtimehot
éº¦å½“åŠ³å´©äº†,https://m.weibo.cn/search?containerid=100103type%3D1%26t%3D10%26q%3D%23%E9%BA%A6%E5%BD%93%E5%8A%B3%E5%B4%A9%E4%BA%86%23&isnewpage=1&extparam=seat%3D1%26filter_type%3Drealtimehot%26dgr%3D0%26cate%3D0%26pos%3D44%26realpos%3D44%26flag%3D0%26c_type%3D31%26display_time%3D1638859203%26pre_seqid%3D163885920382007623102&luicode=10000011&lfid=106003type%3D25%26t%3D3%26disable_hot%3D1%26filter_type%3Drealtimehot
å®˜æ–¹å›åº”ç©¿å¸‚å®¹åˆ¶æœäººå‘˜å“„æŠ¢è€äººç”˜è”—,https://m.weibo.cn/search?containerid=100103type%3D1%26t%3D10%26q%3D%23%E5%AE%98%E6%96%B9%E5%9B%9E%E5%BA%94%E7%A9%BF%E5%B8%82%E5%AE%B9%E5%88%B6%E6%9C%8D%E4%BA%BA%E5%91%98%E5%93%84%E6%8A%A2%E8%80%81%E4%BA%BA%E7%94%98%E8%94%97%23&isnewpage=1&extparam=seat%3D1%26filter_type%3Drealtimehot%26dgr%3D0%26cate%3D0%26pos%3D45%26realpos%3D45%26flag%3D0%26c_type%3D31%26display_time%3D1638859203%26pre_seqid%3D163885920382007623102&luicode=10000011&lfid=106003type%3D25%26t%3D3%26disable_hot%3D1%26filter_type%3Drealtimehot
è°ä¸æƒ³å®¶é‡ŒçŸ—ä¸ªé¡¶å¤©çš„é›¶é£ŸæŸœå‘¢,https://m.weibo.cn/search?containerid=100103type%3D1%26t%3D10%26q%3D%E8%B0%81%E4%B8%8D%E6%83%B3%E5%AE%B6%E9%87%8C%E7%9F%97%E4%B8%AA%E9%A1%B6%E5%A4%A9%E7%9A%84%E9%9B%B6%E9%A3%9F%E6%9F%9C%E5%91%A2&isnewpage=1&extparam=seat%3D1%26filter_type%3Drealtimehot%26dgr%3D0%26cate%3D0%26pos%3D46%26realpos%3D46%26flag%3D1%26c_type%3D31%26display_time%3D1638859203%26pre_seqid%3D163885920382007623102&luicode=10000011&lfid=106003type%3D25%26t%3D3%26disable_hot%3D1%26filter_type%3Drealtimehot
ç”¨è½®èƒåšçš„æ¡Œæ¤…,https://m.weibo.cn/search?containerid=100103type%3D1%26t%3D10%26q%3D%E7%94%A8%E8%BD%AE%E8%83%8E%E5%81%9A%E7%9A%84%E6%A1%8C%E6%A4%85&isnewpage=1&extparam=seat%3D1%26filter_type%3Drealtimehot%26dgr%3D0%26cate%3D0%26pos%3D47%26realpos%3D47%26flag%3D1%26c_type%3D31%26display_time%3D1638859203%26pre_seqid%3D163885920382007623102&luicode=10000011&lfid=106003type%3D25%26t%3D3%26disable_hot%3D1%26filter_type%3Drealtimehot
å¤§è¡£å“¥ç»çºªäººå›åº”,https://m.weibo.cn/search?containerid=100103type%3D1%26t%3D10%26q%3D%23%E5%A4%A7%E8%A1%A3%E5%93%A5%E7%BB%8F%E7%BA%AA%E4%BA%BA%E5%9B%9E%E5%BA%94%23&isnewpage=1&extparam=seat%3D1%26filter_type%3Drealtimehot%26dgr%3D0%26cate%3D0%26pos%3D48%26realpos%3D48%26flag%3D0%26c_type%3D31%26display_time%3D1638859203%26pre_seqid%3D163885920382007623102&luicode=10000011&lfid=106003type%3D25%26t%3D3%26disable_hot%3D1%26filter_type%3Drealtimehot
é­å¸‚å®¹ç®¡ç†å‘˜å›´æŠ¢ç”˜è”—è€äººå®¶å±å‘å£°,https://m.weibo.cn/search?containerid=100103type%3D1%26t%3D10%26q%3D%23%E9%81%AD%E5%B8%82%E5%AE%B9%E7%AE%A1%E7%90%86%E5%91%98%E5%9B%B4%E6%8A%A2%E7%94%98%E8%94%97%E8%80%81%E4%BA%BA%E5%AE%B6%E5%B1%9E%E5%8F%91%E5%A3%B0%23&isnewpage=1&extparam=seat%3D1%26filter_type%3Drealtimehot%26dgr%3D0%26cate%3D0%26pos%3D49%26realpos%3D49%26flag%3D1%26c_type%3D31%26display_time%3D1638859203%26pre_seqid%3D163885920382007623102&luicode=10000011&lfid=106003type%3D25%26t%3D3%26disable_hot%3D1%26filter_type%3Drealtimehot
å—é€šæ•°ååç©¿å¸‚å®¹åˆ¶æœäººå‘˜å›´æŠ¢è€äººç”˜è”—,https://m.weibo.cn/search?containerid=100103type%3D1%26t%3D10%26q%3D%23%E5%8D%97%E9%80%9A%E6%95%B0%E5%8D%81%E5%90%8D%E7%A9%BF%E5%B8%82%E5%AE%B9%E5%88%B6%E6%9C%8D%E4%BA%BA%E5%91%98%E5%9B%B4%E6%8A%A2%E8%80%81%E4%BA%BA%E7%94%98%E8%94%97%23&isnewpage=1&extparam=seat%3D1%26filter_type%3Drealtimehot%26dgr%3D0%26cate%3D0%26pos%3D50%26realpos%3D50%26flag%3D0%26c_type%3D31%26display_time%3D1638859203%26pre_seqid%3D163885920382007623102&luicode=10000011&lfid=106003type%3D25%26t%3D3%26disable_hot%3D1%26filter_type%3Drealtimehot
8ç‚¹1æ°ªä¸¨é˜¿é‡Œå¤§è°ƒæ•´ï¼Œè’‹å‡¡è°ƒä»»æµ·å¤–ä¸šåŠ¡ï¼›æ›¹å¾·æ—ºç§°è¦åŠä¸­å›½æœ€æœ‰é’±å¤§å­¦ï¼›è–‡å¨…å¤«å¦‡åˆä¼™ä¼ä¸šæ³¨é”€,https://36kr.com/p/1516571329959944
ç„¦ç‚¹åˆ†æ | å½“é˜¿é‡Œå·´å·´ä¸å†è®²â€œä¸­å°â€,https://36kr.com/p/1515640365274886
36æ°ªç‹¬å®¶ï½œäºšé©¬é€Šå“ç‰Œæ”¶è´­å¹³å°ã€ŒNebula Brandsã€è·è¶…5000ä¸‡ç¾å…ƒBè½®èèµ„ï¼ŒL Catterton é¢†æŠ•,https://36kr.com/p/1515599294994441
äº‹å…³ä½ çš„å·¥èµ„æ¡ï¼šä¸è¿™æ ·æ“ä½œï¼Œæ¯æœˆå¯èƒ½å°‘æ‹¿ä¸€ç¬”é’±,https://36kr.com/p/1515647247800327
åœæ›´145å¤©åï¼Œæå­æŸ’æºèƒŒååˆ›ä½œå›¢é˜Ÿé¦–åº¦éœ²è„¸,https://36kr.com/p/1515744006610176
ä¸€å®¶æœºå™¨äººå…¬å¸å†³å®šå…ˆå–å¥½æ‰«åœ°æœºï½œéšå½¢å·¨å¤´,https://36kr.com/p/1516012590896901
ä½ åœ¨1688çœçš„é’±ï¼Œè¢«è°èµšèµ°äº†ï¼Ÿ,https://36kr.com/p/1515933573470208
36æ°ªé¦–å‘ | ç”Ÿæ´»æ–¹å¼ç²¾é…¿å‚ç‰Œã€ŒTaste Roomã€è·åƒä¸‡çº§äººæ°‘å¸ Pre-A è½®èèµ„ï¼Œç”±äº²äº²é£Ÿå“ç‹¬å®¶æŠ•èµ„,https://36kr.com/p/1515863224293125
å–œå§ç‚¸ä¸²çš„â€œè‡´å‘½ä¼¤â€,https://36kr.com/p/1515888022771712
â€œä¸–ä¸Šæœ€å…ˆè¿›çš„æœºå™¨äººâ€åœ¨è‹±å›½äº®ç›¸ï¼Œç¥æ€ä¸°å¯Œå ªæ¯”â€œè¡¨æƒ…åŒ…â€ï¼Œèƒ½èµ°è·¯å°±å®Œç¾äº†,https://36kr.com/p/1515681888344073
æ¸¯ç æ¾³å¤§æ¡¥çš„éš§é“æ²‰ç®¡ä¸ºä½•ä¸åšæˆåœ†å½¢æˆªé¢ï¼Œè€Œåšæˆæ–¹çš„ï¼Ÿ,https://daily.zhihu.com/story/9743040
æœ‰å“ªäº›é«˜è´¨é‡çš„å°åº¦ç”µå½±ï¼Ÿ,https://daily.zhihu.com/story/9743054
å¦‚ä½•è‡ªå·±åšçƒ§çƒ¤ï¼Ÿ,https://daily.zhihu.com/story/9743033
å…»çŒ«ä¼šå¯¼è‡´ä»€ä¹ˆç–¾ç—…ï¼Ÿ,https://daily.zhihu.com/story/9743052
å¤§è¯¯ Â· ç¦æ­¢ä¸­è‹±æ–‡æºæ‚,https://daily.zhihu.com/story/9743043
çæ‰¯ Â· å¦‚ä½•æ­£ç¡®åœ°åæ§½,https://daily.zhihu.com/story/9743057
æ€»å¬å¤§å®¶è¯´ 318 å›½é“ï¼Œé‚£ä¹ˆ 219 å›½é“æ€ä¹ˆæ ·ï¼Ÿ,https://daily.zhihu.com/story/9743019
ä¸ºä»€ä¹ˆäººå¯ä»¥åªé€šè¿‡å•ä¸€è€³è†œçš„éœ‡åŠ¨å¬åˆ°ä¸åŒéŸ³è‰²ï¼Ÿ,https://daily.zhihu.com/story/9743001
å†¬å­£è¡£æœåšåˆå¤šï¼Œè¡£æŸœå¦‚ä½•åšæ”¶çº³ï¼Ÿ,https://daily.zhihu.com/story/9743013
æ¯”èµ·å…¶å®ƒå½¢å¼ï¼Œæ¸¸æˆæ˜¯å‘ˆç°ç§‘å¹»é¢˜æçš„æ›´å¥½è½½ä½“å—ï¼Ÿ,https://daily.zhihu.com/story/9743007
å®å¯æ¢¦æœ‰ç²ªä¾¿å—ï¼Ÿ,https://daily.zhihu.com/story/9743016
çæ‰¯ Â· å¦‚ä½•æ­£ç¡®åœ°åæ§½,https://daily.zhihu.com/story/9743028
å°äº‹ Â· é«˜æ ¡æ±‚èŒè·¯,https://daily.zhihu.com/story/9742960
çŸ³æ¦´ä¸ºä»€ä¹ˆå«çŸ³æ¦´ï¼ŒçŸ³æ¦´çš„åç§°æ˜¯æ€ä¹ˆæ¥çš„ï¼Ÿ,https://daily.zhihu.com/story/9742961
æœ‰å“ªäº›å¾ˆç¾çš„ç”Ÿç‰©ï¼Ÿ,https://daily.zhihu.com/story/9742993
ä»€ä¹ˆæ‰æ˜¯å¥½çš„æ½®æ±•ç‰›è‚‰ç«é”…ï¼Ÿ,https://daily.zhihu.com/story/9742978
äººç±»æ¸´æœ›å¹¸ç¦å’Œå–œå‰§ï¼Œä¸ºä½•è®©äººå°è±¡æ·±åˆ»å’Œä¼Ÿå¤§çš„éƒ½æ˜¯æ‚²å‰§ï¼Ÿ,https://daily.zhihu.com/story/9742969
å¤§è¯¯ Â· é²æ™ºæ·±æ‰¾å¼ é£ä¹°è‚‰,https://daily.zhihu.com/story/9742983
å°äº‹ Â· è€å¤©è¡¥å¿äº†ä¸€é¢—ç³–,https://daily.zhihu.com/story/9742935
ä¸ºä»€ä¹ˆæ‚²å‰§çš„ç¾æ„Ÿå¾€å¾€ä¼šå¤§äºå–œå‰§ï¼Ÿ,https://daily.zhihu.com/story/9742937
æ€ä¹ˆè·Ÿ HR è°ˆè–ªèµ„ï¼Ÿ,https://daily.zhihu.com/story/9742953
å¯¿å–œçƒ§å’Œå…³ä¸œç…®çš„æ–™æ±æœ‰ä»€ä¹ˆåŒºåˆ«ï¼Ÿ,https://daily.zhihu.com/story/9742958
å¦‚ä½•çœ‹å¾…å·¥ä¸šåŒ–å¯¹æ¸¸æˆäº§ä¸šå‘å±•çš„é‡è¦æ„ä¹‰?,https://daily.zhihu.com/story/9742943
æ¼«ç”»åˆ†é•œæœ‰å“ªäº›å†·é—¨é«˜çº§çš„æ‰‹æ³•ï¼Ÿ,https://daily.zhihu.com/story/9742925
å¦‚ä½•å¿«é€Ÿåœ°åœ¨æœˆçƒä¸Šå»ºè®¾ä¸€åº§åŸå¸‚ï¼Ÿ,https://daily.zhihu.com/story/9742910
å¥¥ç‰¹æ›¼ç³»åˆ—ä¸­æœ‰å“ªäº›æœ‰æ„æ€çš„æ¢—ï¼Ÿ,https://daily.zhihu.com/story/9742920
å¦‚æœå‘¨æ˜Ÿé©°çš„å–œå‰§å°‘äº†çŸ³ç­ç‘œçš„é…éŸ³ï¼Œä¼šæ€æ ·ï¼Ÿ,https://daily.zhihu.com/story/9742904
ã€ŠJOJO çš„å¥‡å¦™å†’é™© çŸ³ä¹‹æµ·ã€‹é‡Œæ›¿èº«çš„åå­—æ¥æºæ˜¯ä»€ä¹ˆï¼Ÿ,https://daily.zhihu.com/story/9742900
å¦‚ä½•ç‚’ä¸€ç¢—æ³¡èœè‚¥ç‰›é¥­ï¼Ÿ,https://daily.zhihu.com/story/9742892
çæ‰¯ Â· å¦‚ä½•æ­£ç¡®åœ°åæ§½,https://daily.zhihu.com/story/9742924
"ç¬¬ä¸€æ¬¡ç”¨ MacOS (MBP M1 pro 16â€™), å››å¤©åè°ˆè°ˆä½“éªŒ",https://www.v2ex.com/t/820418
ç”µè„‘é¢„ç®— 1 ä¸‡ï¼Œå…¬å¸å‡º 6 æˆï¼Œ 3 å¹´åå½’è‡ªå·±ï¼Œåˆ’ç®—å—ï¼Ÿ,https://www.v2ex.com/t/820373
win11 ä¸€å‘¨è“å± 5 æ¬¡ä»€ä¹ˆæ°´å¹³ï¼Ÿ,https://www.v2ex.com/t/820433
ç°åœ¨çš„æ˜¾ç¤ºå™¨éƒ½æ˜¯é›¾é¢å±ï¼Ÿ,https://www.v2ex.com/t/820431
ä¸€ä¸ªä¸­å¹´å®‰å…¨ä»ä¸šè€…çš„é¢è¯•â€œæŒ‚â€ç»,https://www.v2ex.com/t/820453
é‚ªæ¶çš„ç®—æ³•ï¼Œæœ‰å¤šå°‘è´£ä»»åœ¨ç¨‹åºå‘˜ï¼Ÿ,https://www.v2ex.com/t/820521
[æœ‰è¶£çš„é—®é¢˜] å…³äºå‰ç«¯è¯·æ±‚ï¼Œåç«¯æœåŠ¡å¦‚ä½•åšåˆ°åªå“åº”å½“å‰ç«™ç‚¹çš„è¯·æ±‚ã€‚ç±»ä¼¼äºå¦‚ä½•é˜²çˆ¬è™«...ã€‚,https://www.v2ex.com/t/820478
ä¸Šå¸çš„è‘¬ç¤¼ä¸Šæˆ‘å¥½éš¾è¿‡,https://www.bilibili.com/video/BV1GF411z7jo
ç‹—æ˜¯è°ï¼Ÿï¼ˆ2ï¼‰,https://www.bilibili.com/video/BV1U44y1h749
ç»Šçˆ±çš„é‡å¤§é€šçŸ¥,https://www.bilibili.com/video/BV1LP4y137rb
ä»Šå¹´æœ€ä½åˆ†å¶åƒå‰§ï¼Ÿæˆ‘ä»æ¥æ²¡è§è¿‡è¿™ä¹ˆç”œçš„çˆ±æƒ…ï¼,https://www.bilibili.com/video/BV1og411A7wK
å­©å­ï¼Œä½ å½“å¹´ç”»çš„å­¦æ ¡ï¼Œè€å¸ˆçœ‹æ‡‚äº†ï¼,https://www.bilibili.com/video/BV1nL4y1W7t8
æ‰é¬¼ï¼ï¼,https://www.bilibili.com/video/BV1Pg411P79M
æ–°ä½œé«˜äº§ï¼è€ç•ªå®Œç»“ï¼2022å¹´1æœˆæ–°ç•ªå¯¼è§†ï¼ã€æ³›å¼ã€‘,https://www.bilibili.com/video/BV1Kf4y1T7p1
ä¹…ç­‰äº†ï¼Bç«™é¦–ä¸ª8Kè§†é¢‘æ¥äº†ï¼Œè¿½å¯»æœ€ç¾ä¸­å›½æ˜Ÿ,https://www.bilibili.com/video/BV1KS4y197BN
ã€äº®è®°ç”Ÿç‰©é‰´å®šã€‘å¦é—¨ç å¤´çš„æ€ªæµ·é²œ,https://www.bilibili.com/video/BV1Ub4y1B75z
ã€æ—¶ä»£å°‘å¹´å›¢ã€‘ã€Šè¿™ç¦æ°”ç»™ä½ è¦ä¸è¦ã€‹ä¹‹ç¦æ°”å¤§ç§€ç­¹å¤‡ä¸­,https://www.bilibili.com/video/BV1W3411b7bZ
å¥¹å”±ç€ ä»–ä¹¡é‡æ•…çŸ¥,https://www.bilibili.com/video/BV1df4y1K7At
ä½œå®¶ä»¬çš„ç¥ä»™æ¯”å–»ï¼ŒçœŸçš„å¤ªç»äº†ï¼ï¼ï¼,https://www.bilibili.com/video/BV1mg411A7mP
ç¾å›½åŒ»ç”Ÿï¼šæ”¾å¿ƒåªæ˜¯æ‰“ä¸ªéº»è¯ï¼ï¼ˆæŒ¥æ£’,https://www.bilibili.com/video/BV1zi4y1o7qj
ç«çˆ†å…¨ç½‘çš„è¡¨æƒ…åŒ…çˆ·çˆ·ï¼ŒçœŸå®èº«ä»½æ›å…‰ï¼Œè¿™ä¸€å›å¾ˆå¤šäººç¬‘ä¸å‡ºæ¥ã€‚,https://www.bilibili.com/video/BV15F41187kA
ã€ç‰¹æ•ˆå‘ã€‘ä¹”å³°æœ‰æªä¹Ÿæœ‰éŸ³å“,https://www.bilibili.com/video/BV18L41177An
AIæ€ç–¯äº†ï¼2021å¹´é«˜èƒ½çš„AIç®—æ³•ï¼Œè¶…ä¹æƒ³è±¡ï¼,https://www.bilibili.com/video/BV1RF411B7hT
åˆ°åº•æ˜¯è°åœ¨è¯»è¯„è®ºï¼Ÿï¼Ÿï¼Ÿï¼Ÿï¼Ÿï¼Ÿ,https://www.bilibili.com/video/BV1VQ4y1i7sa
ç ´äº§äº†ï¼šå› ä¸ºåšäº†ä¸€åªé¸¡,https://www.bilibili.com/video/BV1BL411774u
æ ¹æ®çœŸå®äº‹ä»¶æ”¹ç¼–,https://www.bilibili.com/video/BV1GQ4y1i7o8
ç‚¹èœæ•…æ„æ•´è›Šå¯¹æ–¹ï¼ŒçƒŸç†äº”é¦™é¥®æ–™èƒ½å–å—ï¼Ÿè¶…å¤§è‚‰ä¸²ç»™èƒ–è€ä¼™åƒæ‡µäº†ã€å°±å¾—è¿™ä¹ˆæ™š-06é‡è›®äººã€‘,https://www.bilibili.com/video/BV14g411A7pa
åƒè¿™ä¸ªå¾—æ˜¯ä»€ä¹ˆæ ·çš„å®¶åº­å•Šw(ï¾ŸĞ”ï¾Ÿ)w,https://www.bilibili.com/video/BV1HL4y1W7Zo
é¸ å é¹Šå·¢3ï¼šéšæœºæ¢åº—æŒ‘æˆ˜ï¼åƒå˜›éƒ½å¬å§å§çš„ï¼è¢«å¤©æ´¥å§å§æ”¯é…çš„ä¸€å¤©ï¼,https://www.bilibili.com/video/BV1QS4y1X7v5
å·å·éª‚äººï¼Œç»“æœè§†é¢‘å˜æˆå…¨ç«™ç¬¬ä¸€å¹¶è¢«å‘ç°çš„æ•…äº‹,https://www.bilibili.com/video/BV16R4y147dD
çº¸å·¾ç£¨é¼»å­è¿˜å®¹æ˜“ç ´ï¼Ÿ16æ¬¾çº¸å·¾ï¼Œåˆ°åº•å“ªå®¶å¼ºï¼Ÿã€è€çˆ¸è¯„æµ‹ã€‘,https://www.bilibili.com/video/BV1rR4y147Zd
æˆ‘çš„å¨è‰ºâ€¦â€¦è¿˜è¡Œå§ï¼Ÿ,https://www.bilibili.com/video/BV1WL41177NK
ã€æ€»ç»“ã€‘æƒŠäº†ï¼æ±¤å§†å—è¿‡çš„æ”»å‡»ç«Ÿæœ‰è¿™ä¹ˆå¤šï¼Ÿ,https://www.bilibili.com/video/BV1Lq4y1z7zF
ã€STNå¿«æŠ¥ç¬¬å…­å­£12ã€‘ç”Ÿè½¯çš„ä¸€ç”Ÿï¼Œåªæ˜¯ä¸ºäº†åœ¨EAé—¨å‰æŒ–åŸå—ï¼Ÿ,https://www.bilibili.com/video/BV1gr4y1D7Nf
ç‚¸ é£ æœº ï¼ã€C4å¿«ä¹é˜´äººæµ#25ã€‘,https://www.bilibili.com/video/BV14P4y1V7JY
ã€åŒ»å­¦åšå£«ã€‘å£è…”æºƒç–¡æ€»ä¸å¥½ä¼šæ˜¯å£è…”ç™Œå—ï¼ŸI å¦‚ä½•å¿«é€Ÿæ²»å¥½å£è…”æºƒç–¡ï¼Ÿ,https://www.bilibili.com/video/BV12U4y1T7KX
ç®—å‘½å…ˆç”Ÿ8ï¼šåˆ«åç›¸æ€ç©ºå¯‚å¯¥ï¼Œé‡æ¥å›é¦–å·²ä¸€ç”Ÿ,https://www.bilibili.com/video/BV1CU4y1N7tv
å¥³å„¿è¢«ç»‘12000å¹´ï¼è€çˆ¶äº²å¼€å§‹å²ä¸Šæœ€å¯æ€•å¤ä»‡ï¼,https://www.bilibili.com/video/BV1LL41177QL
ç›´æ¥ç»™ä¿„ç½—æ–¯æ¸¸æˆä½œè€…å‘é€é‚®ä»¶,https://www.bilibili.com/video/BV1yR4y1s7SF
å¯é‡ä¸å¯æ±‚çš„èŸ¹ç‹ä¸èŸ¹åï¼Œä¸€åªä¸€æ–¤ï¼Œè‚¥çš„æµæ²¹,https://www.bilibili.com/video/BV1hP4y1378y
ä¼šè®©æ‰€æœ‰ç©å®¶æå…¶èˆ’é€‚,https://www.bilibili.com/video/BV1mR4y147Wr
èŒåœºäººçš„å†…å¿ƒç‹¬ç™½ï¼ˆ3ï¼‰,https://www.bilibili.com/video/BV1si4y1o7KF
âš¡ç‹‚ äºº æ—¥ å¯„âš¡,https://www.bilibili.com/video/BV1dY411s7Vd
è‚¿æ³¡çœ¼å¡Œé¼»æ¢çš„å†¬æ—¥çº¦ä¼šå¦†ï¼Œä½ ç”·æœ‹å‹çœ‹å®Œä¸‹è½½äº†å›½å®¶åè¯ˆéª—app,https://www.bilibili.com/video/BV1UZ4y1X7QU
ã€å¤é£xæˆè…”ã€‘å¼€å£è·ªï¼416å¥³å›¢æ¢çª—å®Œæ•´ç‰ˆæƒŠè‰³ä¸Šçº¿ï¼,https://www.bilibili.com/video/BV1dg411A7Cc
TOOé¡¶ä¹‹å¼ˆã€ä¸‡ç‰©çš†èµé‡‘ã€‘å…¨é¢æ•™å­¦ï¼3èµé‡‘-5èµé‡‘-7èµé‡‘å¥–åŠ±åˆ†å¸ƒ,https://www.bilibili.com/video/BV1YR4y1s7wU
ã€åŠä½›ã€‘æ¸£ç”·æ•™è‚²æˆ‘ï¼Œçˆ±æƒ…æ˜¯ä¸€åœºæˆ˜äº‰,https://www.bilibili.com/video/BV1qS4y1X7Pi
ä¸€åŒ…æ³¡é¢åç§åƒæ³•ï¼Œéš¾åº¦ä»ä¸€åˆ°åï¼Œä¸€ä¸ªè§†é¢‘å¸¦ä½ åƒé€æ³¡é¢,https://www.bilibili.com/video/BV1s34y1X74a
å½“å‚¬é€å‘˜å¤šæ˜¯ä¸€ä»¶ç¾äº‹å•Šå“ˆå“ˆå“ˆå“ˆå“ˆå“ˆå“ˆ,https://www.bilibili.com/video/BV1RS4y1X7ij
å²ä¸Šæœ€å¤§è§„æ¨¡ï¼100ä½upä¸»å°è¯´æ¥é¾™ï¼ï¼ï¼,https://www.bilibili.com/video/BV1t34y1R7ca
æˆ‘åˆåˆåˆä¹°äº†äº›ç›—ç‰ˆé¥®æ–™ã€‚ã€‚ã€‚ã€‚,https://www.bilibili.com/video/BV1tb4y1B7xi
ä½ ä»¬æ¬ æˆ‘çš„ç”¨ä»€ä¹ˆè¿˜ï¼,https://www.bilibili.com/video/BV1134y1R7M2
å¤§å‰å¤§åˆ©ï¼Œè‡ªç”±åƒé¸¡ï¼,https://www.bilibili.com/video/BV1uL41177qY
å…¨bç«™æœ€æœ€æœ€æœ€æœ€æœ€å¯¹ç«‹çš„è¯„è®ºåŒº,https://www.bilibili.com/video/BV1NL4y1W71d
åœ¨å†°å²›ï¼Œå¦‚ä½•é¿å…æœ‰æƒ…äººæ˜¯å…„å¦¹ï¼Ÿ,https://www.bilibili.com/video/BV1hU4y1T7U1
è€çˆ¸æ˜¯ä¸æƒ³ç†æˆ‘å‘¢ï¼Ÿè¿˜æ˜¯ä¸æƒ³çœ‹åˆ°æˆ‘å‘¢ï¼Ÿ,https://www.bilibili.com/video/BV1iP4y1V7bw
èª æ˜ å‚¬ é€ å‘˜,https://www.bilibili.com/video/BV1CM4y1w7cb
æ€’æ‹†50æ–¤èƒèŸ¹ï¼Œåªä¸ºä¸€å£èŸ¹é¥­ï¼ç™¾ä¸‡upä»¬åƒäº†éƒ½è¯´å¥½ï½ï½ï½,https://www.bilibili.com/video/BV1Si4y1o7wQ
å¤©æ´¥åŠæ¶é¼ ,https://www.bilibili.com/video/BV1gf4y1T78x
å†™å°è¯´è¢«åˆ¤å…«å¹´çš„ä½œè€…è¢«æ”¾å‡ºæ¥äº†,https://www.bilibili.com/video/BV1HL4117724
ä¸€ä¸ª17å²ä¸­èŒæ¯•ä¸šç”Ÿæ°´å‡ºæ¥çš„æ¯•è®¾â‹¯ã€Šè¶…åº¦æˆ‘ã€‹,https://www.bilibili.com/video/BV1v3411b7Kb
ç»å¸¸çœ‹æ‰‹æœºç”µè„‘å¯¼è‡´çœ¼ç›ç–²åŠ³å¹²æ¶©ï¼å‡ æ‹›å¿«é€Ÿæ¢å¤,https://www.bilibili.com/video/BV1TL4y1W76j
è¯·ä½ ä»¬åƒå…¨ä¸–ç•Œæœ€é¡¶çº§çš„ç”Ÿèšï¼ä¸€å£çˆ†æµ†ï¼ä¸ªä¸ªä¸‡é‡ŒæŒ‘ä¸€ï¼,https://www.bilibili.com/video/BV14P4y1V7AQ
â€œæˆ‘èŠ±300ä¸‡ï¼Œçœ‹ä»–ç¡è§‰1åˆ†é’Ÿï¼Œå¤ªå€¼äº†!â€å¤ä»£æ¬§æ´²çš„åºŠä¸Šç§˜å¯† Â· ä¸–ç•ŒåºŠä¸Šå²01,https://www.bilibili.com/video/BV1Gq4y1z78i
ç½‘å‹å‘å¸–é—®ä¸­å›½ç°åœ¨æœ‰é‚£äº›æ–‡åŒ–è¾“å‡ºï¼çœ‹åˆ°è¿™é‡Œæˆ‘ç¬‘äº†ï¼,https://www.bilibili.com/video/BV1qS4y1X7D3
æ—¥æœ¬æœ€è´µé‡‘æªé±¼ï¼32000å…ƒä¸€å—ï¼Œé€šä½“çº¢æ¶¦å…‰æ³½è¿·äººçš„æå“æµ·é²œã€‚,https://www.bilibili.com/video/BV1vR4y1s7Na
å‡ºæ¯äº†ï¼åœ¨å¥¥è¿äº”é‡‘ç‹é¢å‰ç§€è·³æ°´æ“ä½œï¼Œé«˜é€Ÿç›¸æœºæ‹ä¸‹å‹æ°´èŠ±ç¬é—´,https://www.bilibili.com/video/BV1SL4117712
å¤§å‹ç¤¾æ­»ç°åœºï¼ç»™å¥³å‹çš„ä¿¡æ¯é”™å‘ç­çº§ç¾¤ï¼ŒåŒå­¦ä»¬æ’é˜Ÿåˆ·å±ï¼Œå¯å®¤é½å–Šâ€œå®å®â€,https://www.bilibili.com/video/BV16r4y1Q72i
ã€ç§‘æ™®ã€‘ä¸€å¤©åªç¡å››å°æ—¶ï¼Œå¤šå°‘å¤©ä¼šæ­»ï¼Ÿï¼Ÿï¼ï¼,https://www.bilibili.com/video/BV1vg411P763
å®œå®¶é¤å… å¨å­æ¢åº—Â¥150,https://www.bilibili.com/video/BV19g411A7Py
ä½æ‰‹å•Šä¸Šå•å››å§å¦¹ï¼Œè¿™ä¸æ˜¯æ ¼æ–—æ¸¸æˆï¼éŸ©æœç‹è€…ä¸Šå•å››å§å¦¹ç²¾å½©é›†é”¦#1,https://www.bilibili.com/video/BV1xL41177wC
å¹´å°‘ä¸çŸ¥é˜¿å§¨å¥½ é”™æŠŠå°‘å¥³å½“æˆå®,https://www.bilibili.com/video/BV1Yi4y1o7YA
å¼ é•‡è¾‰å°çƒæ­£ç»æ•™å­¦ã€6ä¸ªä¸å¤ªå»ºè®®ä½¿ç”¨çš„æŠ€å·§ã€‘6.0ç‰ˆæœ¬,https://www.bilibili.com/video/BV1L3411478s
æ„Ÿè°¢è¿™äº›ç¬‘å®¹ æ¸©æš–äº†æˆ‘ä»¬çš„2021,https://www.bilibili.com/video/BV1MQ4y1e7yq
lolç›–ä¼¦æ­¦é“ä¼š2ï¼šæˆ‘å¾·ç›è¥¿äºšé‚£ä¹ˆå¤šç›–ä¼¦ï¼Œå‡ºä¸¤ä¸ªå†…é¬¼ä¹Ÿå¾ˆæ­£å¸¸å§ï¼,https://www.bilibili.com/video/BV1SR4y147y3
æˆ‘çˆ¸æ˜¯è€å¸ˆçš„ç²‰ä¸,https://www.bilibili.com/video/BV1cf4y1T7H5
ææ€–æ¸¸æˆé€Ÿé€šè¶…çº§å¤§åˆé›†~ä¿è¯è®©ä½ ä¸€æ¬¡çœ‹ä¸ªå¤Ÿï¼ˆæå°‘éƒ¨åˆ†éææ€–æ¸¸æˆï¼‰,https://www.bilibili.com/video/BV1gq4y1z7Xx
è¯ˆ éª— ä¹‹ æµ·,https://www.bilibili.com/video/BV1z3411b75g
ã€8Kæ¼”ç¤ºç‰‡ã€‘Bç«™é¦–å‘ï¼ä½ çš„è®¾å¤‡è¿˜é¡¶å¾—ä½å—ï¼Ÿ,https://www.bilibili.com/video/BV1qM4y1w716
ç”¨äº”å¼ è·å¶ä¸€åªé¸¡åšäº†ä¸€å—çŸ³å¤´ï¼ŒèŠ¬å…°å®¶äººæ•²å¼€åé¦™çš„éª¨å¤´éƒ½å·®ç‚¹åƒæ‰äº†ï¼è¿™æ‰æ˜¯çœŸæ­£çš„å«èŠ±é¸¡ï¼,https://www.bilibili.com/video/BV1uf4y1T7Pb
å†è§äº†ï¼Œæ´›æ‰çŸ¶ã€‚,https://www.bilibili.com/video/BV1PF41187TW
Bç«™é¦–å”±ï¼å¼€å±€ç‹ç‚¸ï¼ã€Šä¸‰ä½“ã€‹å¹¿æ’­å‰§æœ€ç»ˆå­£ä¸»é¢˜æ›²-ã€Šæ­Œè€…ã€‹,https://www.bilibili.com/video/BV1Qh411s7aj
æƒ³è¹­ETC è¿˜å¾—çœ‹æˆ‘æ‹”å¡çš„é€Ÿåº¦å…ä¸å…è®¸ ç»“å±€å¤§å¿«äººå¿ƒ,https://www.bilibili.com/video/BV1uL41177oJ
å…»ç‹—ç¥å™¨ï¼å“ªé‡Œä¸è®©ä¸Šæ‘†å“ªé‡Œï¼,https://www.bilibili.com/video/BV1Sb4y1B7kt
åå†œå…„å¼Ÿï¼šåšä¸ªå…„å¼Ÿæ•™æˆ‘ä»¬çš„çŠç‘šé±¼ï¼Œè™½ç„¶æ ·å­ä¸åƒï¼Œä½†å‘³é“å¾ˆä¸é”™å“¦,https://www.bilibili.com/video/BV1k34y1R7ts
ä¸­å¤®ç¾é™¢çš„å­¦ç”Ÿæ˜¯æ€ä¹ˆæˆ³æ¯›æ¯¡çš„,https://www.bilibili.com/video/BV1zY411s7j4
å„ç“œå¤šå°”ä¸€ç”·å­è‘¬ç¤¼ä¸Šï¼Œæœ‹å‹çªç„¶æ‰“å¼€æ£ºææŠ¬èµ°é—ä½“ï¼Œå¸¦å…¶è¿›è¡Œâ€œæœ€åä¸€æ¬¡æ‘©æ‰˜ä¹‹æ—…â€,https://www.bilibili.com/video/BV1VF41187aq
åˆ»åœ¨DNAé‡Œçš„ã€Šæ­¦æ—å¤–ä¼ ã€‹ï¼Œæ— æ³•è¶…è¶Šçš„å–œå‰§å®‡å®™ï¼ä¸­å›½æƒ…æ™¯å–œå‰§å‘å±•å²Â·ä¸­,https://www.bilibili.com/video/BV1wR4y1x7rs
è¿™æ‰å«æ„ŸæŸ“åŠ›ï¼æˆ‘å‘ç°äº†å¿ƒåŠ¨æ„Ÿè‡ªæ‹çš„ç§˜å¯†ï¼èµçˆ†æœ‹å‹åœˆ,https://www.bilibili.com/video/BV1Sh411s72y
ä¸ æ„§ æ˜¯ çˆ· ï¼,https://www.bilibili.com/video/BV1BS4y1X7se
æ¨± é›„ å¸ æ¨± é›„,https://www.bilibili.com/video/BV1qM4y1P7vs
ç¾å›½ç¬¬ä¸€äºšæ´²è¶…å¸‚å¹²é¥­ï¼Œ$14.32çš„éŸ©å¼ç‚¸é¸¡ï¼ŒKFCå¯æ•¢ä¸€æˆ˜ï¼Ÿ,https://www.bilibili.com/video/BV1oU4y1T7aw
ã€Šå£° æ§ ç¯ å’¬ äºº äº‹ ä»¶ã€‹,https://www.bilibili.com/video/BV1aP4y137on
ä¸ºä»€ä¹ˆç‹è€…è£è€€æ²¡æœ‰æ¸…æœè‹±é›„,https://www.bilibili.com/video/BV1Tf4y1T7kA
ã€ç½—æ±‰é¬¼å¥—è·¯ã€‘LOLé£æœºä¸€ç‚®ç§’äººï¼Ÿå¤ªé˜³èƒ½å……ç”µå‡†å¤‡å°±ç»ªï¼ï¼ï¼,https://www.bilibili.com/video/BV1v34y1X7nr
ä¸€å£æ°”çœ‹å®Œï¼Œå°‘å¹´åŒ…é’å¤©ç¬¬1éƒ¨ï¼çˆ†è‚2Wå­—ï¼çˆ·é’å›,https://www.bilibili.com/video/BV18Q4y1e7qd
æ¼«å±•ç¢°ä¸Šäº²å¦ˆå–ä½œå“ï¼ŒåŒå‘ç¤¾ä¼šæ­»äº¡,https://www.bilibili.com/video/BV1ER4y1473r
ã€Šå¤§ èª æ˜ ç‰¹ å·¥ã€‹,https://www.bilibili.com/video/BV12U4y1T78H
å°åº¦è¡—å¤´ä¹°ä¸ªç‰™åˆ·ï¼Œç‰¹åˆ«çš„å¥½ç”¨ï¼Œå¹²å‡€åˆå«ç”Ÿï¼,https://www.bilibili.com/video/BV1QM4y1w7rv
å½“åœ°ç‹±ä¸ä¸»ä¸–ç•Œä¸æœ«åœ°å‘ç”Ÿäº†æˆ˜äº‰ï¼ç»´åº¦ç”Ÿç‰©ä¾µå…¥ï¼,https://www.bilibili.com/video/BV1Y34y1R7BL
å½“ ä»£ æ¯• ä¸š ç”Ÿ ç”Ÿ å­˜ ç° çŠ¶ã€å®Œç»“ç¯‡ã€‘,https://www.bilibili.com/video/BV1uU4y1K7Km
äº‘å—38å²ç¼‰æ¯’è­¦æŠ“æ•æ¯’è´©ä¸­å¼¹ç‰ºç‰²ï¼šè¿™ä¸€æ¬¡ï¼Œä»–çš„ç…§ç‰‡æ²¡æ‰“é©¬èµ›å…‹,https://www.bilibili.com/video/BV1gS4y197Jv
ã€é£è¶Šæå…‰æ‘ã€‘ç»™è¿™ä½çˆ·æ•´ç ´é˜²äº†ï¼ï¼,https://www.bilibili.com/video/BV1Kf4y1T7kg
"""æˆ‘å¤§å¤šä¼¤æ˜¥æ‚²ç§‹éƒ½æ¥æºäºæˆ‘çš„æ¸¸æ‰‹å¥½é—²â€| æ— æ³•è¶…è¶Šçš„bç«™è¯„è®º",https://www.bilibili.com/video/BV1fU4y1T7zq
å® ç”¨ é˜² èº« æœ¯ 4.0 ğŸ”ª,https://www.bilibili.com/video/BV1D44y1h7jy
å§æ§½...å“ªä¸ªé¬¼æ‰æ•™ä½ è¿™ä¹ˆå‰ªçš„ï¼Ÿè‚šå­éƒ½ç¬‘æŠ½ç­‹äº†ï¼,https://www.bilibili.com/video/BV1Ar4y1X7mj
å‡å¦‚æˆ‘æ²¡æœ‰ç©¿ä¸Šè¿™èº«å†›è£…......,https://www.bilibili.com/video/BV18Z4y197Fi
è¢«è¿™ä¸ªå£å“¨è¡¨æ¼”çœ‹å‚»äº†â€¦â€¦åŸæ¥å£å“¨è¿˜æœ‰æ›²ç›®ã€ç­‰çº§åˆ’åˆ†ï¼Œè¶Šå¾€åçœ‹ç­‰çº§è¶Šé«˜ï¼Œä»ä¸‰çº§ç»ƒä¹ æ›²ã€Šå°å®å½“ã€‹åˆ°å…«çº§ç»ƒä¹ æ›²ã€Šé‡èœ‚é£èˆã€‹,https://dig.chouti.com/link/33285184
èƒ¶å›Šå¼å®‰ä¹æ­»æœºå™¨Sarcoåœ¨ç‘å£«é€šè¿‡äº†æ³•å¾‹å®¡æŸ¥ï¼Œé€ å‹ç±»ä¼¼æ£ºæœ¨ï¼Œç§»åŠ¨æ–¹ä¾¿ï¼Œèººè¿›å»ä¹‹åç”¨æˆ·ä¼šè¢«è¦æ±‚å›ç­”ä¸€äº›é—®é¢˜ï¼Œå®Œæˆç­”é¢˜åæŒ‰ä¸‹èƒ¶å›Šå†…çš„æŒ‰é’®å³å¯å¯åŠ¨ã€‚æœºå™¨å¯åŠ¨åä¼šå‘èƒ¶å›Šå†…æ³¨å…¥æ°®æ°”ï¼Œè¿…é€Ÿå°†æ°§æ°”æ°´å¹³é™ä½è‡³1%ï¼Œç”¨æˆ·åœ¨å¤±å»æ„è¯†ä¹‹å‰ä¸ä¼šäº§ç”Ÿææ…Œï¼Œä¹Ÿæ²¡æœ‰çª’æ¯æ„Ÿï¼Œæ­»äº¡åŸå› æ˜¯ç¼ºæ°§å’Œä½ç¢³é…¸è¡€ç—‡ï¼Œæ•´ä¸ªè¿‡ç¨‹å¤§æ¦‚éœ€è¦30ç§’ã€‚,https://dig.chouti.com/link/33283820
â€œè¿™æ˜¯è¯å•Šï¼Œæ€ä¹ˆæ˜¯æ¯’ï¼Ÿâ€,https://dig.chouti.com/link/33282828
ã€æ›¾æŒºç€å¤§è‚šæ¥ä¸‹å æ¥¼ç”·ç«¥çš„â€œæœ€ç¾å­•å¦ˆâ€æ±‚åŠ©ï¼š3å²å¥³å„¿æŸ¥å‡ºè„‘ç˜¤ï¼Œæˆ‘å®åœ¨æ˜¯æ²¡æœ‰åŠæ³•äº†ã€‘ä»Šæ™šï¼Œè°­å¥³å£«å†ä¸‰æ„Ÿè°¢äº†çƒ­å¿ƒäººå¯¹å¥¹ä¸€å®¶çš„å…³çˆ±ï¼Œå¹¶è¡¨ç¤ºçƒ­å¿ƒäººçš„ææ¬¾é‡‘é¢å·²è¶³å¤Ÿæ”¯ä»˜å­©å­çš„æ²»ç–—è´¹ç”¨ï¼Œå·²å°†æ”¶æ¬¾åŠŸèƒ½å…³é—­ã€‚,https://dig.chouti.com/link/33283756
ã€åŒ—äº¬å¤§çˆ·åŠå¹´éª‚è·‘20ä¸ªä¿å§†ã€‘ä½ æ˜¯å¦æƒ³è¿‡ä½œä¸ºç‹¬ç”Ÿå­å¥³ï¼Œçˆ¶æ¯åŒåŒç—…å€’åœ¨åºŠè¯¥æ€ä¹ˆåŠï¼Ÿ90ååŒ—äº¬å¥³å­©æ°èŒœæ˜¯æŸäº’è”ç½‘å¤§å‚å‘˜å·¥ï¼Œä»Šå¹´çˆ¶æ¯åŒåŒç˜«ç—ªï¼Œçˆ¶äº²è„¾æ°”å·®åŠå¹´éª‚èµ°20ä¸ªä¿å§†ï¼Œé¢‘ç¹è·‘åŒ»é™¢è¿˜ä¸æ•¢å’Œé¢†å¯¼è¯·å‡ï¼Œå¥¹ä¸€ä¸ªäººæ°æˆä¸‰ä¸ªäººç”¨ã€‚,https://dig.chouti.com/link/33286404
ã€æœªæˆå¹´å¥³å­©è¢«èƒè¿«ï¼Œå«–å®¢å‘ç°åå°†å…¶æ•‘å‡ºã€‘å¤§æµ·ç§°ï¼Œ4æ—¥è‡ªå·±å’Œæœ‹å‹å–äº†äº›é…’ï¼Œåœ¨å›é…’åº—é€”ä¸­ï¼Œå‡ºç§Ÿè½¦å¸æœºç»™è‡ªå·±äº†ä¸€ä¸ªè”ç³»æ–¹å¼ï¼Œå¹¶ç§°å¯ä»¥â€œèŠ±é’±ä¹°æœåŠ¡â€ã€‚å›é…’åº—åï¼Œè¶ç€é†‰æ„ï¼Œå¤§æµ·æ‹¨é€šäº†ç”µè¯ï¼ŒæŒ‰ç…§å…¶è¦æ±‚ï¼Œå‘æŒ‡å®šè´¦æˆ·æ”¯ä»˜äº†1000å…ƒé’±ã€‚5æ—¥0æ—¶è®¸ï¼Œå°çˆ±æ¥åˆ°äº†ä»–çš„æˆ¿é—´ã€‚å¤§æµ·ç§°çœ‹åˆ°å°çˆ±åå‘ç°å¼‚å¸¸ï¼Œä¾¿é—®å¥¹æ˜¯ä¸æ˜¯è¢«äººå¼ºè¿«çš„ã€‚,https://dig.chouti.com/link/33291548
å–·ä¸€ä¸‹å°±èƒ½æŠŠè„ä¸œè¥¿å¸¦å‡ºæ¥ï¼Ÿå¹¿å‘Šé‡Œçš„ç–é€šå‰‚æ˜¯ä¸æ˜¯æ™ºå•†ç¨,https://dig.chouti.com/link/33287899
ç…§ç‰‡å˜äºŒæ¬¡å…ƒï¼Œå·²ç»ä¸æ–°é²œäº†ï½ä½†è¿™ä¸ªAPPå˜å¾—ä¹Ÿå¤ªå¥½çœ‹äº†ï½ï¼,https://dig.chouti.com/link/33290135
ä¸€æ•´æ®µéƒ½å¯ä»¥æ‹æˆä¹¡æ‘é»‘è‰²å¹½é»˜å–œå‰§ç”µå½±å“ˆå“ˆå“ˆå“ˆå“ˆå“ˆå“ˆå“ˆå“ˆå“ˆå“ˆå“ˆå“ˆå“ˆå“ˆå“ˆå“ˆå“ˆå“ˆå“ˆå“ˆå“ˆå“ˆå“ˆå“ˆå“ˆå“ˆå“ˆå“ˆå“ˆ,https://dig.chouti.com/link/33286852
ç¥å¥‡äº‘æœµå›¾é‰´,https://dig.chouti.com/link/33284508
æœ€åçš„å†³æ–—,https://movie.douban.com/subject/34658290/
å€’æ•°æ—¶åˆ»,https://movie.douban.com/subject/30279170/
å¯»æ‰¾è¹é¢–,https://movie.douban.com/subject/34960063/
ç«¥ä¸€ä¸ªä¸–ç•Œ,https://movie.douban.com/subject/35452679/
å›½ç‹ç†æŸ¥å¾·,https://movie.douban.com/subject/30481476/
åœ¨ä½ é¢å‰,https://movie.douban.com/subject/35465742/
å¥³å­©å’Œèœ˜è››,https://movie.douban.com/subject/26961214/
è´å°”æ³•æ–¯ç‰¹,https://movie.douban.com/subject/35299584/
ç¥ä¹‹å±±å²­,https://movie.douban.com/subject/34967489/
å†…ç‰¹æ‹‰å§†,https://movie.douban.com/subject/35271841/
æ‹³çš‡97ï¼šè¿™è¯¥ä¸ä¼šæ‰“ä¸è¿‡å§ï¼Ÿ,http://www.acfun.cn/v/ac32655669
å±±æºªé‡Œçš„å±…æ°‘-èœ‚é¸Ÿå’Œæ£•ç†Šç­‰,http://www.acfun.cn/v/ac32655736
ã€ä¸œæ–¹å¤œé›€é£Ÿå ‚ã€‘ç¬¬äºŒå› ä¸€å¤©2æ’­ç™½å¤©ä¸Šç­æ™šä¸Šå›å®¶è¿˜ä¸Šç­,http://www.acfun.cn/v/ac32655689
ã€ç¦æ¼«å·´å£«å·¥ä½œå®¤ã€‘ã€åº†ç¥ç¦æ¼«æˆç«‹å››å‘¨å¹´ã€‘ã€A.34æœŸã€‘ç¦å·å…¬äº¤141è·¯POV,http://www.acfun.cn/v/ac32655731
ç”µéŸ³ç¿»å”±ã€Šæ«ã€‹ å‘¨æ°ä¼¦çœ‹äº†æƒ³æ‰“äººï¼Œæ‰‹æœºç‚¹æ»¡äº†è°¢è°¢,http://www.acfun.cn/v/ac32655764
DY20211205é»‘ä¸å±…å¤šï¼Œè‚‰ä¸è¶Šæ¥è¶Šå°‘,http://www.acfun.cn/v/ac32655779
DY20211205,http://www.acfun.cn/v/ac32655784
DY20211205,http://www.acfun.cn/v/ac32655782
è±ç¾2021å¹´ç¬¬4å­£åº¦cx è…°è…¹æ ¸å¿ƒ44æœŸ åŒè¯­å­—å¹• å¥èº«è§†é¢‘è¯¾ç¨‹,http://www.acfun.cn/v/ac32656019
æ›¼è”1ï¼š0æ°´æ™¶å®«ï¼ŒCç½—æ‹¼å‘½å›è¿½ï¼Œä½›é‡Œå¾·å°„é—¨çŸ³ç ´å¤©æƒŠï¼,http://www.acfun.cn/v/ac32655992
è¡—éœ¸ 5ï¼šSakoï¼ˆå¢å…‹ï¼‰VS MIKURAMUNEXï¼ˆéº¦å¥ˆç‰¹ï¼‰,http://www.acfun.cn/v/ac32656061
åˆéŸ³æœªæ¥VRå…¨æ”¶å…¥è®¡åˆ’ï¼ˆä¸å®šæ—¶æ›´æ–°ï¼‰,http://www.acfun.cn/v/ac32656234
çˆ¶æ…ˆå­å­,http://www.acfun.cn/v/ac32656113
å¼€é—¨å°èƒ½æ‰‹å–µ,http://www.acfun.cn/v/ac32655816
C4dè‡ªåˆ¶è§’è‰²å°æ¸²æŸ“,http://www.acfun.cn/v/ac32655907
DY20211205,http://www.acfun.cn/v/ac32656016
æ²™æ¼ æ®‹æš´2021-ç¬¬äºŒå¤©-ç¬¬äºŒèµ›æ®µ,http://www.acfun.cn/v/ac32655806
ã€10æœˆã€‘æ•°ç å®è´ å¹½çµæ¸¸æˆ ç¬¬10è¯ã€Œæ­»äº¡æ¸¸æˆã€é¢„å‘Šã€MCEæ±‰åŒ–ç»„ã€‘,http://www.acfun.cn/v/ac32656211
ã€10æœˆã€‘ç²¾çµå®å¯æ¢¦ æ–°æ— å° ç¬¬90è¯ é¢„å‘Šã€MCEæ±‰åŒ–ç»„ã€‘,http://www.acfun.cn/v/ac32656208
DY20211205,http://www.acfun.cn/v/ac32656058
DY20211205,http://www.acfun.cn/v/ac32656029
ã€12æœˆ/ç¬¬äºŒå­£ã€‘é¬¼ç­ä¹‹åˆƒ èŠ±è¡—ç¯‡ ç¬¬2è¯é¢„å‘Šã€MCEæ±‰åŒ–ç»„ã€‘,http://www.acfun.cn/v/ac32656274
åˆ©å…¹è”2-2ç»å¹³å¸ƒä¼¦ç‰¹ç¦å¾·ï¼Œç­ç¦å¾·è¯»ç§’ç ´é—¨,http://www.acfun.cn/v/ac32656358
æœ‰æ²¡éƒ½è¦æœ‰è½¦,http://www.acfun.cn/v/ac32656337
äºŒæ‰‹æˆ¿ç‘Ÿå¤«,http://www.acfun.cn/v/ac32656268
Springield Armory SA35 The Hi power,http://www.acfun.cn/v/ac32656471
DY20211205,http://www.acfun.cn/v/ac32656225
DY20211205,http://www.acfun.cn/v/ac32656295
DY20211205,http://www.acfun.cn/v/ac32656265
DY20211205,http://www.acfun.cn/v/ac32656385
æ–°ç©æ„ 087ï½œå°‘æ•°æ´¾çš„ä½œè€…ä»¬æœ€è¿‘ä¹°äº†å•¥ï¼Ÿ,https://sspai.com/post/70014
App Store Awards 2021 å¹´åº¦å¤§å¥–å‡ºç‚‰ï¼Œæˆ‘ä»¬å’Œè·å¥–å¼€å‘è€…ä»¬èŠäº†èŠ,https://sspai.com/post/70259
ã€Œé»‘äº”ã€å€¼å¾—ä¹°ï¼šSteamã€PSã€Xbox å’Œ Switch ä¸Šå€¼å¾—å…³æ³¨çš„æ¸¸æˆä¼˜æƒ ,https://sspai.com/post/70159
æ‹¿æ‹å®Œçš„ç…§ç‰‡ï¼Œåšæœ¬æ‘„å½±é›†å§,https://sspai.com/post/70118
ã€Œé»‘äº”ã€å€¼å¾—ä¹°ï¼šä¸å®¹é”™è¿‡çš„ App å’ŒæœåŠ¡ä¼˜æƒ ,https://sspai.com/post/70122
æ–°ç©æ„ 086ï½œå°‘æ•°æ´¾çš„ç¼–è¾‘ä»¬æœ€è¿‘ä¹°äº†å•¥ï¼Ÿ ,https://sspai.com/post/70133
é»‘äº”å¤§ä¿ƒå“ªäº›ç¡¬ä»¶å€¼å¾—ä¹°ï¼Œæˆ‘ä»¬å¸®ä½ å‡†å¤‡äº†è¿™ä»½æ¸…å•,https://sspai.com/post/70130
å¤§ä¼—é›†å›¢ï¼šé€ƒä¸æ‰çš„å˜é©é˜µç—›,https://sspai.com/post/70128
å¸¦ä½ çœ‹çœ‹åˆ«äººçš„å½•ä¹¦å·¥ä½œè§’,https://sspai.com/post/70126
2021 å¹´ï¼Œæˆ‘ä¸ºä»€ä¹ˆè¿˜åšæŒæŠŠéŸ³ä¹å­˜å‚¨åœ¨æœ¬åœ°,https://sspai.com/post/70051
ä¸è°ˆäº§å“ï¼Œç†è®ºä¸ºçº²ï¼šæ„ç­‘ä½ çš„æ”¶çº³ç³»ç»Ÿ,https://sspai.com/post/70041
è€ƒç‰©é˜ 03ï½œä¸ºäº†è®©ä¸»åŠ¨æ¶ˆå™ªã€Œæ•ˆæœæ‹”ç¾¤ã€ï¼Œæˆ‘æ”¾å¼ƒäº† AirPods Pro,https://sspai.com/post/70083
ä»ç”¨è¿‡çš„ 18 æ¬¾è½¯ä»¶å¼€å§‹ï¼ŒèŠèŠæˆ‘ä¸ºä»€ä¹ˆè¦é€‰æ‹©å¼€æºè½¯ä»¶,https://sspai.com/post/70059
Anytype åˆæ¢: å¯èƒ½ä¸åªæ˜¯ Notion ç¦»çº¿ç‰ˆè¿™ä¹ˆç®€å•,https://sspai.com/post/69975
è‡ªé©¾å†…è’™å¤ï¼Œåœ¨åŒ—äº¬çš„è¥¿è¾¹ç”»ä¸€ä¸ªåœˆ,https://sspai.com/post/70025
æ–‡ç§‘åšå£«æ˜¯æ€æ ·è¯»ä¹¦çš„ï¼Ÿ,https://sspai.com/post/70012
æ–°ç©æ„ 085ï½œå°‘æ•°æ´¾çš„ä½œè€…ä»¬æœ€è¿‘ä¹°äº†å•¥ï¼Ÿ,https://sspai.com/post/70002
å’Œä½ è°ˆè°ˆæ¡Œæ­èƒŒåçš„é‚£äº›äº‹ï¼šæ”¶çº³ã€ç†çº¿ï¼Œç¯å…‰ä¸æ ¡è‰²,https://sspai.com/post/70006
iOS æ²¡æœ‰ã€Œç›¸æœºç›¸å†Œã€ï¼Ÿä¸€æ‹›æŠŠèƒ¶å·ä»åº“å…‹æ‰‹é‡ŒæŠ¢å›æ¥ | ä¸€æ—¥ä¸€æŠ€,https://sspai.com/post/69986
ç©è½¬ Obsidian 07 ï¼šè‡ªåŠ¨åŒ–ã€Œé—´æ­‡å¼æ—¥è®°ã€,https://sspai.com/post/69982
